MSFT,IBM,SBUX,AAPL,GSPC,Date
25.459042,188.172427,27.177501,58.712255,1502.959961,2013-01-25
45.201126,183.854215,36.55444,98.403968,1994.290039,2014-09-22
20.130423,100.681855,8.5032,21.853061,994.75,2009-09-02
25.515771,111.639978,9.950943,27.248193,1109.800049,2009-11-18
21.175324,104.811421,7.027968,23.75419,1273.699951,2008-07-08
35.016449,162.250598,37.072763,76.696628,1775.5,2013-12-12
30.411563,187.534601,30.267312,61.453494,1633.77002,2013-05-13
23.564071,97.23749,12.438678,19.617217,1517.72998,2007-09-24
15.806521,80.586259,4.641025,13.118716,826.840027,2009-02-13
25.927631,195.777413,27.39488,61.908612,1563.77002,2013-03-26
26.503732,89.910113,8.663551,17.907921,1378.550049,2008-01-31
23.040362,89.765141,8.571921,16.518787,1348.859985,2008-02-12
41.848041,159.623718,47.743086,126.279121,2107.959961,2015-04-22
25.881595,195.685216,27.39488,60.779557,1545.800049,2013-03-21
22.607303,146.136766,16.548461,43.764332,1324.459961,2011-04-11
22.955375,151.859229,17.341145,46.324308,1355.660034,2011-04-27
23.21642,163.381935,18.080102,49.925473,1164.969971,2011-10-06
42.402898,154.835772,45.224575,124.767156,2096.98999,2015-02-13
20.683827,103.322339,6.441541,22.83207,1239.48999,2008-07-11
31.71889,180.550788,32.628182,56.410071,1631.890015,2013-07-05
23.668551,97.761677,8.402408,20.057771,1369.310059,2008-04-03
24.951394,87.376272,13.00678,14.224731,1501.189941,2007-05-15
22.740456,150.154188,17.605794,49.486243,1173.969971,2011-09-02
26.902881,181.786694,25.161498,72.245548,1324.800049,2012-05-16
55.084498,136.22849,59.834461,104.691918,2043.939941,2015-12-31
15.823082,66.142738,3.944642,12.093403,845.219971,2008-12-04
22.014765,163.695629,19.932888,49.811698,1188.040039,2011-11-22
29.766842,171.241787,34.595821,66.462573,1639.77002,2013-09-03
20.574657,110.249659,10.854024,31.965957,1064.589966,2010-08-27
22.484847,148.472624,17.727892,50.239023,1165.23999,2011-09-06
33.896899,166.490057,35.972406,75.322897,1781.560059,2014-01-27
21.670995,97.677276,6.90885,21.32916,1236.829956,2008-09-04
54.746922,134.555576,59.724819,111.872953,2021.939941,2015-12-14
31.867704,173.289686,37.601213,67.037989,1703.199951,2013-10-11
35.223422,173.462249,38.236132,77.156368,1842.02002,2013-12-26
22.753991,79.033647,14.495756,12.430764,1434.540039,2007-03-22
21.159311,117.179489,11.991685,38.068885,1134.280029,2010-09-22
25.41373,111.535514,12.062364,33.867085,1165.869995,2010-05-05
22.901363,98.82339,7.774747,19.551068,1328.319946,2008-04-14
36.122611,176.097565,34.692604,73.276869,1873.810059,2014-03-05
24.036134,171.331166,19.827063,55.829953,1224.579956,2011-10-14
23.630683,162.185952,19.385626,52.624364,1229.050049,2011-10-25
15.409082,65.681514,3.642265,11.765303,816.210022,2008-12-01
15.698143,84.88866,5.341989,15.563591,852.059998,2009-04-15
23.442524,97.55534,12.750218,18.6435,1519.780029,2007-09-18
24.017464,107.39284,11.708131,31.203918,1110.880005,2010-05-07
23.162533,96.379768,8.732273,15.763363,1381.290039,2008-02-26
43.707224,162.378181,54.067628,121.541881,2076.620117,2015-07-10
22.687572,145.109482,17.521263,49.940025,1154.22998,2011-09-09
24.459376,114.297293,12.22798,33.386843,1120.800049,2010-05-18
23.469445,82.711754,15.311257,11.401483,1448.310059,2007-02-08
23.119464,155.126955,18.080102,51.595079,1212.920044,2011-08-30
20.974113,102.381718,9.112534,22.776505,1042.72998,2009-09-11
23.893178,129.464014,14.912675,42.373877,1241.589966,2010-12-14
23.953024,97.45497,12.41119,20.265479,1517.209961,2007-09-25
46.375451,154.754132,39.628091,110.448602,2078.540039,2014-12-22
55.729866,137.881603,60.153418,110.739099,2073.070068,2015-12-16
24.447319,98.542353,12.06758,22.126919,1561.800049,2007-10-12
26.780151,87.736016,9.007161,17.200124,1330.609985,2008-01-25
15.301441,70.020425,4.072923,10.34574,805.219971,2009-01-20
22.399842,77.879568,13.744396,11.667402,1395.410034,2007-03-06
25.473327,111.666775,11.422903,31.745018,1186.439941,2010-04-08
22.822891,175.658384,20.724923,52.075325,1255.189941,2011-12-09
26.424823,193.057773,27.755023,56.815119,1553.280029,2013-04-05
42.476943,183.99423,38.453673,94.632353,1978.339966,2014-07-25
42.658304,182.195938,38.062985,91.493123,1978.219971,2014-07-18
44.912973,183.71141,36.794542,98.209227,1998.97998,2014-09-16
17.682216,73.684576,4.833446,12.997001,930.98999,2008-11-07
21.305475,118.540699,12.084177,38.673487,1148.670044,2010-09-24
31.663261,190.952406,30.604579,59.750729,1650.51001,2013-05-23
22.337547,152.547307,16.953845,46.2317,1357.160034,2011-05-10
24.568867,100.039602,11.94388,22.435174,1538.530029,2007-10-16
24.883749,178.532916,26.220715,66.736675,1485.97998,2013-01-18
18.340158,75.593718,5.044194,11.740166,909.919983,2008-10-09
27.496255,183.151938,25.674029,75.301646,1354.579956,2012-05-09
23.683638,90.543585,11.962206,17.509702,1510.119995,2007-07-10
22.063538,149.92938,17.42734,49.439939,1172.640015,2011-08-11
16.452362,68.833198,4.178296,12.436056,876.070007,2008-12-05
37.828743,178.440645,34.765587,78.724867,1863.400024,2014-04-25
32.451364,186.358279,31.052661,58.406087,1612.52002,2013-06-12
21.850945,115.031589,11.714206,34.40951,1121.640015,2010-08-06
25.927631,194.283919,27.222011,62.236186,1551.689941,2013-03-25
28.980122,180.910503,27.98943,75.804378,1378.530029,2012-04-20
17.189282,76.212765,4.682258,12.306404,934.700012,2009-01-06
19.589992,91.228035,6.656869,18.844594,918.900024,2009-06-26
29.725451,175.523754,34.8809,62.837321,1690.910034,2013-08-07
45.20626,162.815855,51.709538,126.836165,2092.830078,2015-06-05
21.486605,109.024864,6.72101,21.151879,1284.26001,2008-07-30
41.971039,185.300367,38.268097,95.940365,1978.910034,2014-07-28
20.867439,113.025124,11.094505,32.955547,1079.25,2010-08-13
25.200885,111.990551,11.563619,29.734082,1165.810059,2010-03-22
20.822248,102.529153,8.855973,22.497354,1028.930054,2009-08-28
52.731395,131.566122,58.787882,98.982891,1921.839966,2016-01-14
51.798093,121.350463,58.419088,99.450356,1903.630005,2016-01-26
23.397895,80.461716,14.66527,11.709738,1449.369995,2007-02-26
24.341978,98.726373,11.962206,22.091199,1548.709961,2007-10-15
18.524497,93.351624,6.963827,18.881637,942.429993,2009-06-09
27.409999,175.163441,28.043139,52.429133,1555.25,2013-04-19
25.295442,112.972861,10.262482,25.754543,1106.410034,2009-12-11
16.046641,78.083274,4.146226,10.958282,840.23999,2009-01-21
53.413882,133.941849,61.140195,119.919288,2078.580078,2015-11-09
31.848695,180.485959,31.703108,53.795115,1603.26001,2013-06-26
46.853183,155.214249,38.30453,108.795881,2038.25,2014-11-12
39.638339,153.658092,45.935682,121.98866,2059.689941,2015-04-01
21.199898,100.767197,7.183738,22.249957,1261.52002,2008-07-02
22.676917,152.082067,17.052048,46.247576,1347.319946,2011-05-04
24.896656,142.976841,15.358522,45.49083,1296.630005,2011-01-26
20.942405,147.775166,16.453138,45.436588,1300.160034,2011-06-03
30.49501,174.937305,35.243286,62.712171,1697.47998,2013-08-08
19.94236,90.140341,6.363656,18.843271,919.320007,2009-06-30
40.796958,177.056436,37.794155,92.006638,1920.23999,2014-08-06
20.7885,103.483153,8.814739,22.366379,1025.569946,2009-08-24
27.129758,183.611467,28.050936,82.845304,1368.709961,2012-04-11
30.625861,179.796417,36.354602,61.230778,1697.599976,2013-09-16
24.770714,109.99348,9.932617,26.722968,1087.23999,2009-11-12
24.394917,146.332867,15.084325,46.553184,1319.050049,2011-02-07
45.987618,146.161987,58.657764,109.712491,1987.050049,2015-10-05
20.830685,103.578554,8.906369,22.417977,1030.97998,2009-08-27
41.541496,178.360768,38.13226,93.447745,1933.75,2014-08-12
42.130335,155.443922,46.419633,127.005659,2107.780029,2015-03-03
26.151335,114.802316,10.66107,27.244224,1136.030029,2010-01-15
22.694321,142.758557,15.023709,46.584936,1308.439941,2011-03-02
20.771627,101.870023,8.713947,22.531752,1016.400024,2009-09-04
19.388639,101.543845,7.925935,21.180986,982.179993,2009-07-27
24.488112,81.569243,15.833545,11.36973,1420.619995,2007-01-29
17.419039,67.660628,4.393625,12.183366,848.919983,2008-10-27
26.848896,180.476059,25.711995,77.497794,1344.780029,2012-06-18
42.69493,157.97303,46.177659,127.14311,2110.300049,2015-02-20
19.105017,81.242014,5.626039,11.795731,996.22998,2008-10-07
26.486471,114.396967,12.600616,35.654438,1212.050049,2010-04-26
42.022997,140.925108,53.928579,108.21704,1921.219971,2015-09-04
24.636474,87.793024,12.672333,16.549216,1531.050049,2007-06-18
12.738589,73.690398,3.830105,11.28506,683.380005,2009-03-06
24.728511,175.558434,24.020107,78.052544,1398.939941,2012-11-27
37.942887,176.99034,34.683513,83.6838,1885.079956,2014-05-19
26.345029,173.686256,24.013047,79.885785,1350.52002,2012-07-23
34.357891,164.48731,36.883712,75.937244,1781.0,2013-12-17
24.484708,104.822903,8.374919,21.305346,1390.329956,2008-04-18
23.799136,98.00604,8.388663,20.624009,1372.540039,2008-04-07
27.040368,174.221523,23.239364,67.400777,1350.5,2012-02-14
19.673889,101.552479,7.889283,21.166433,979.26001,2009-07-24
19.732617,101.802822,8.109194,21.616247,987.47998,2009-07-31
20.720821,110.726962,10.803153,32.133974,1055.329956,2010-08-25
43.539461,180.959929,38.279263,97.887898,1981.599976,2014-08-19
26.596962,178.810474,26.376388,75.710442,1332.420044,2012-05-29
21.590559,148.339218,17.445193,42.680809,1287.140015,2011-06-22
25.918423,189.1673,26.746624,56.392227,1525.199951,2013-03-04
21.597802,114.40401,11.908441,35.749691,1125.069946,2010-09-15
26.854638,174.827764,22.780444,60.814961,1344.900024,2012-02-03
22.925553,165.387225,19.338665,52.576735,1237.900024,2011-11-02
36.406966,175.438873,34.86777,73.122703,1873.910034,2014-03-04
21.142115,123.446383,12.019432,39.075677,1165.319946,2010-10-11
24.792432,180.010975,26.306826,67.373341,1492.560059,2013-01-22
22.546546,159.659105,18.516843,52.523815,1151.060059,2011-09-28
38.191066,173.28017,35.782329,86.371801,1909.780029,2014-05-28
22.798743,146.520054,16.739638,44.727466,1333.51001,2011-04-07
26.758919,169.526808,24.838793,80.465255,1341.469971,2012-07-10
34.734209,172.638685,39.040798,70.962235,1791.530029,2013-11-18
21.579619,159.858519,19.254001,48.099755,1158.670044,2011-11-25
24.119682,87.876373,11.971369,16.12586,1506.339966,2007-06-27
51.271873,129.84371,57.681497,96.864389,1890.280029,2016-01-13
21.6575,106.058958,9.378259,25.040132,1065.47998,2009-10-08
41.770164,160.395969,47.377656,125.277689,2100.399902,2015-04-20
15.905881,81.719832,4.576884,12.809138,833.73999,2009-02-11
22.896414,106.111497,7.348671,23.389047,1292.199951,2008-08-22
22.201255,163.849112,19.650019,48.819458,1192.97998,2011-11-21
30.093643,175.393434,35.09833,66.597243,1694.160034,2013-08-13
26.673774,112.874366,11.680527,34.29441,1205.939941,2010-04-21
18.998102,74.132805,4.975471,13.21794,940.51001,2008-10-28
20.832592,112.698077,11.122253,33.02699,1071.689941,2010-08-20
27.896256,181.575692,22.910586,87.168389,1413.170044,2012-08-21
41.721493,158.919045,48.083828,124.894787,2104.419922,2015-03-23
23.531659,96.300662,12.66317,18.36435,1484.25,2007-09-14
16.651082,73.795615,4.453185,12.625243,913.179993,2008-12-16
24.481423,129.526156,15.154176,42.811786,1256.77002,2010-12-23
24.755788,91.563768,8.805576,17.694921,1395.420044,2008-02-01
23.853211,94.92782,12.31956,17.893368,1467.670044,2007-08-06
26.94787,180.903836,20.714333,82.362413,1394.22998,2012-08-06
30.835099,188.540392,29.7094,60.41037,1614.420044,2013-05-03
25.431029,111.45704,9.955524,26.058829,1108.859985,2009-12-01
35.411582,167.463363,39.123203,71.661421,1802.47998,2013-11-25
32.203842,171.893389,37.06488,67.836496,1698.060059,2013-10-15
51.629307,126.359305,58.290001,96.599998,1915.449951,2016-02-04
25.157698,185.931377,27.068351,63.766649,1517.930054,2013-02-08
21.440439,116.534228,11.746579,34.319545,1121.060059,2010-08-10
21.997402,77.422916,14.010121,11.85262,1386.949951,2007-03-16
28.104105,188.025461,27.752873,80.662375,1390.780029,2012-04-17
51.18,132.399994,58.459999,94.690002,1921.27002,2016-02-23
22.734085,175.197936,20.687208,51.476012,1261.01001,2011-12-07
20.594452,103.986174,9.030068,22.387547,1026.130005,2009-08-21
25.360233,177.690987,21.5814,84.241343,1433.819946,2012-10-22
45.863177,153.86264,40.533425,111.397206,2090.570068,2014-12-29
44.780633,152.904054,39.30335,103.906178,2020.579956,2015-01-05
26.515983,178.373586,21.488355,80.802612,1379.319946,2012-07-31
40.280807,148.928077,46.069017,121.340668,2053.399902,2015-03-13
26.111863,114.309469,11.482708,32.730642,1192.130005,2010-04-16
16.398432,87.336132,5.497759,15.818928,856.559998,2009-04-09
51.299999,132.029999,58.34,96.910004,1948.050049,2016-02-26
26.117438,113.190653,10.867236,26.507322,1118.02002,2009-12-22
28.484977,188.458475,24.387458,92.833818,1460.26001,2012-09-20
43.995445,140.817231,57.107863,108.524058,1923.819946,2015-10-01
26.265112,112.725607,12.204979,34.66749,1183.709961,2010-04-27
22.199469,95.941604,8.237475,16.539955,1330.630005,2008-02-29
51.82,133.080002,57.669998,96.040001,1917.780029,2016-02-19
22.534545,101.431479,6.853872,16.965955,1213.27002,2008-09-26
23.093022,164.535286,20.169881,52.294938,1229.099976,2011-11-09
26.447101,189.939242,22.477052,83.66736,1428.589966,2012-10-12
16.131656,85.249339,5.438199,15.652232,841.5,2009-04-14
24.616751,164.607516,22.214704,55.902717,1292.47998,2012-01-11
22.939066,129.117746,14.216135,41.89231,1213.540039,2010-11-11
37.307425,178.628841,35.714405,73.978858,1849.040039,2014-03-27
27.398031,90.128364,10.519044,23.84283,1469.02002,2007-11-28
34.320258,161.810741,33.43238,68.622506,1741.890015,2014-02-03
21.345335,105.703373,9.199583,24.415683,1065.48999,2009-09-17
53.630852,137.188682,61.876786,120.267398,2099.929932,2015-11-05
23.746462,170.412831,20.757925,51.441613,1257.810059,2011-11-15
20.906618,101.262933,9.204164,22.641561,1033.369995,2009-09-09
27.308601,90.237486,10.555697,24.381285,1469.719971,2007-11-29
42.714399,154.912998,46.533215,126.740569,2117.389893,2015-03-02
30.098516,189.387069,30.402218,61.214292,1633.699951,2013-05-10
23.13312,104.78604,8.164171,22.922033,1339.869995,2008-06-12
24.19595,146.760708,15.382749,47.38402,1320.880005,2011-02-09
26.70976,192.864194,23.325062,86.335317,1454.920044,2012-10-16
27.934264,175.309158,22.922379,66.429709,1361.22998,2012-02-17
26.952324,174.565944,22.903454,62.025493,1347.050049,2012-02-07
21.589204,114.56312,11.908441,35.328983,1121.900024,2010-09-13
18.826527,88.120344,6.249119,18.040219,882.679993,2009-07-09
26.075067,113.251641,10.729792,27.911008,1137.140015,2010-01-06
18.918813,93.532906,6.826383,18.554861,939.150024,2009-06-10
22.21566,104.278398,8.049635,23.920886,1335.48999,2008-06-11
16.473463,87.104269,5.319081,16.067649,865.299988,2009-04-16
22.939113,79.880522,14.358313,12.471777,1439.369995,2007-04-04
45.45949,166.307557,48.895683,123.493969,2088.0,2015-05-07
41.236044,177.684806,38.03426,92.250068,1931.589966,2014-08-08
47.110038,155.185493,38.166762,112.922791,2051.800049,2014-11-18
47.6504,156.048215,38.324211,110.331247,2039.329956,2014-11-13
26.358762,113.749429,12.540811,35.830393,1217.280029,2010-04-23
37.478039,179.905477,34.32701,81.047012,1878.47998,2014-05-09
24.931258,131.985461,14.84301,44.151967,1273.849976,2011-01-06
44.307861,154.311488,37.147347,102.454639,1964.579956,2014-10-24
25.940136,173.913797,23.92288,76.067652,1337.890015,2012-07-25
39.336512,176.024934,36.490457,89.602383,1940.459961,2014-06-05
24.594844,163.783759,18.80225,53.370527,1331.939941,2011-07-26
23.244856,81.823363,15.10051,11.016494,1438.060059,2007-02-09
22.425257,104.827431,9.318701,27.110603,1081.400024,2009-10-21
46.36238,147.191714,59.303554,110.782086,2023.859985,2015-10-15
22.971289,112.546993,12.356793,34.810372,1102.829956,2010-06-03
16.098308,83.823797,5.117497,14.37952,811.080017,2009-04-01
44.896619,153.795546,40.371058,107.94507,2058.899902,2014-12-31
24.638974,111.060555,12.439601,33.602489,1159.72998,2010-05-10
25.310744,182.842977,25.618174,59.884104,1502.420044,2013-02-21
16.881965,89.345639,6.272026,16.55583,873.640015,2009-04-29
22.239646,106.726757,9.593589,25.118188,1097.910034,2009-10-19
19.405417,102.156225,8.640644,21.54216,994.349976,2009-08-11
22.591224,91.062789,8.361174,15.804375,1353.109985,2008-02-22
21.345335,105.43452,9.469889,24.345565,1064.660034,2009-09-21
39.823328,170.715223,38.121586,88.072911,1957.219971,2014-06-26
30.476013,186.724222,29.214804,59.443757,1597.569946,2013-04-30
28.104105,175.281969,22.832486,68.11387,1362.209961,2012-02-21
22.51802,115.009725,11.413605,34.642354,1125.859985,2010-08-02
23.719243,107.466471,10.248739,25.814078,1068.130005,2010-02-10
25.161342,95.694643,12.69066,19.017906,1534.099976,2007-07-20
23.366572,98.646439,8.067961,16.673576,1308.77002,2008-03-12
45.331571,153.86264,40.671196,109.480436,2026.140015,2014-12-10
22.199651,126.248365,12.648383,42.070912,1184.709961,2010-10-18
22.556475,172.967897,20.206329,51.68372,1234.349976,2011-12-08
18.784578,87.041284,6.162071,18.325985,879.130005,2009-07-10
27.015921,85.310097,8.842228,21.120127,1373.199951,2008-01-16
35.64925,167.697329,39.200543,71.275573,1770.48999,2013-11-06
22.77894,96.539869,7.811398,18.920004,1315.219971,2008-03-28
28.524236,185.523898,25.458271,79.709826,1402.890015,2012-03-21
20.505874,113.131189,11.746579,34.848741,1109.550049,2010-09-10
15.639786,84.802785,5.12666,15.214324,815.549988,2009-04-07
25.405606,110.855933,9.895965,25.575941,1105.97998,2009-12-04
26.20218,113.251641,10.876399,26.737522,1120.589966,2009-12-23
28.089078,92.084204,10.468649,25.130094,1507.339966,2007-12-06
23.995013,104.157226,7.62814,23.813724,1409.339966,2008-05-01
21.339865,114.368659,11.330362,33.480775,1094.160034,2010-08-18
32.340104,192.582573,30.657579,60.130471,1648.359985,2013-05-29
24.613266,87.251245,13.533649,14.200918,1491.469971,2007-05-10
23.837061,87.793024,11.806437,15.829512,1492.890015,2007-06-26
44.902536,162.271193,52.48236,125.800973,2096.290039,2015-06-16
32.07122,187.043698,31.997012,57.164151,1628.930054,2013-06-19
45.754929,157.554016,57.396697,119.589801,2103.840088,2015-07-31
16.106645,88.560596,6.418633,17.074441,907.390015,2009-05-07
54.16341,136.852125,61.568795,120.406641,2099.199951,2015-11-06
35.885649,174.337912,35.125653,72.631314,1854.290039,2014-02-27
41.59877,183.615647,38.531813,95.097428,1970.069946,2014-07-30
22.12333,100.514161,7.298275,22.088553,1274.97998,2008-09-03
22.666133,104.794974,7.142505,23.108574,1281.660034,2008-08-27
22.916739,150.450938,18.399439,50.79335,1198.619995,2011-09-07
31.895057,187.284513,31.606743,58.116889,1626.72998,2013-06-14
29.292987,185.551088,24.923651,78.000533,1394.280029,2012-03-14
24.34099,111.351752,10.706885,28.966751,1138.699951,2010-03-05
23.324811,156.074932,18.52148,47.365498,1317.719971,2011-07-13
22.555092,152.046419,16.879523,46.321662,1363.609985,2011-04-29
34.883604,171.328482,39.07473,71.151056,1767.689941,2013-11-12
20.97193,78.320187,5.37864,14.587229,1003.349976,2008-10-13
28.249489,188.275668,24.330289,93.018502,1460.150024,2012-09-21
41.507336,158.56187,47.772715,124.600252,2097.290039,2015-04-21
27.316594,188.211692,24.315997,90.524599,1447.150024,2012-09-27
21.213929,146.942496,16.504613,43.981303,1287.869995,2011-06-14
18.499327,92.790512,6.858454,19.031134,939.140015,2009-06-08
38.359541,185.037006,35.266759,72.996073,1872.180054,2014-04-09
41.137429,158.43639,47.545555,124.472613,2106.629883,2015-04-15
47.111912,137.924199,60.485852,112.673677,2030.77002,2015-10-20
23.983248,155.684489,19.329273,54.45802,1204.089966,2011-09-19
24.827494,104.780769,8.269545,22.247311,1388.170044,2008-04-21
40.911501,179.02525,37.594158,93.140248,1925.150024,2014-08-01
20.669234,110.399921,10.553422,31.742372,1051.869995,2010-08-24
22.511584,151.213252,17.033397,45.862588,1340.199951,2011-05-06
52.910909,133.654788,61.668468,115.483359,2075.0,2015-11-11
22.01087,100.911028,7.156249,23.109897,1284.910034,2008-07-01
30.82194,166.364054,36.494726,65.423286,1655.449951,2013-10-08
25.697449,194.108753,27.985515,57.517253,1552.47998,2013-03-12
19.606772,87.818209,6.134582,18.524432,896.419983,2009-07-02
23.162611,130.11213,14.09127,42.074883,1218.709961,2010-11-10
38.293192,184.811162,34.444451,71.439304,1862.310059,2014-04-16
22.1113,143.837083,17.196598,46.362677,1310.189941,2011-03-28
54.806496,136.396769,59.784625,109.893688,2043.410034,2015-12-15
22.819783,159.029643,17.868776,50.041895,1144.030029,2011-10-05
20.48008,108.526037,10.761531,31.788676,1047.219971,2010-08-26
27.263842,183.379478,25.71674,75.169344,1363.719971,2012-05-08
14.222534,79.44411,5.112915,13.440202,768.539978,2009-03-20
45.039702,162.417094,52.145489,125.377036,2094.110107,2015-06-12
52.772835,134.100235,61.977459,116.139793,2081.719971,2015-11-10
25.688202,171.601977,25.579117,74.6547,1278.180054,2012-06-04
54.955424,136.535353,59.794594,106.651287,2038.969971,2015-12-22
20.781917,111.702628,11.225084,34.221646,1060.27002,2010-07-07
20.64344,111.690424,11.482975,34.803758,1104.180054,2010-09-09
31.848695,177.188568,32.825722,57.07631,1652.319946,2013-07-09
24.458827,85.359193,12.896825,16.357383,1517.380005,2007-06-06
36.312182,174.243807,34.527168,72.434475,1859.449951,2014-02-28
24.448006,82.2563,15.833545,11.318134,1428.819946,2007-01-30
45.176868,157.301126,56.03931,123.39538,2102.149902,2015-07-23
26.414034,115.264033,10.908469,27.995679,1127.780029,2009-12-28
19.715837,91.789148,6.464448,17.976716,918.369995,2009-06-18
16.121161,73.206273,4.393625,11.729582,870.26001,2009-01-12
32.303015,188.933209,31.520017,59.137194,1626.130005,2013-06-11
23.660389,102.539382,7.174575,22.787089,1396.369995,2008-04-28
39.393786,176.252093,36.715103,90.785823,1951.27002,2014-06-09
17.517729,71.634703,4.673095,12.684777,919.210022,2008-11-10
26.767917,179.993674,25.484203,74.256482,1315.98999,2012-05-21
21.646322,87.858589,6.258282,12.842212,1099.22998,2008-10-03
27.609409,85.805357,10.477812,21.690334,1433.27002,2007-11-19
35.599742,165.348303,34.474567,68.495256,1782.589966,2014-01-31
20.236,92.557438,6.606473,19.431999,932.679993,2009-07-15
20.875582,111.787654,10.951141,32.518963,1067.359985,2010-08-23
22.682582,105.822708,7.564,23.203828,1278.599976,2008-08-18
23.796686,87.726342,12.021765,16.145706,1503.349976,2007-06-29
31.074486,186.945486,30.002316,61.850881,1617.5,2013-05-06
46.963977,146.338519,60.575269,110.653341,2033.660034,2015-10-19
24.637413,84.870462,14.317079,13.281444,1495.920044,2007-05-02
46.048857,152.742421,56.730322,114.842576,2091.540039,2015-08-14
24.119682,90.82698,12.06758,17.24246,1531.849976,2007-07-09
38.226842,176.812715,37.446601,72.773086,1872.01001,2014-03-20
23.053782,166.015959,21.691395,53.580881,1257.599976,2011-12-30
19.388639,89.130343,6.464448,18.822103,905.840027,2009-07-14
26.010496,195.519279,27.553344,62.011986,1556.890015,2013-03-22
20.708403,107.924967,6.441541,20.272094,1249.01001,2008-08-04
44.855345,182.111925,36.980747,98.988204,1985.540039,2014-09-12
24.375044,111.64927,10.574022,26.547011,1105.23999,2010-02-24
25.236123,110.821086,9.932617,25.960929,1109.23999,2009-12-02
37.91405,182.110515,34.605021,81.414463,1883.680054,2014-05-01
27.56876,81.986001,9.06672,22.846623,1401.02002,2008-01-11
52.419998,126.099998,57.630001,98.120003,1926.819946,2016-02-17
21.842966,127.75936,14.462182,41.674018,1189.400024,2010-11-26
24.224655,94.502297,12.699822,17.729317,1497.48999,2007-08-08
52.580002,134.369995,60.040001,100.529999,1978.349976,2016-03-01
22.172212,146.422005,17.369123,45.584762,1332.410034,2011-04-01
44.618404,155.958927,56.168111,123.454532,2114.149902,2015-07-22
24.381509,176.559117,26.134605,69.019068,1461.02002,2013-01-09
22.698563,169.266208,20.460913,50.133181,1215.75,2011-12-15
32.191755,188.738708,31.785014,58.915563,1636.359985,2013-06-13
43.63551,183.083041,38.127359,99.806124,2003.369995,2014-08-29
22.492721,154.875171,17.183142,49.429355,1199.380005,2011-08-05
24.144047,130.298567,14.921963,42.674196,1257.640015,2010-12-31
40.081054,172.390484,37.472067,88.005088,1962.609985,2014-06-23
35.847734,175.39182,35.792255,73.078655,1877.170044,2014-03-10
21.623594,116.657974,12.098051,37.542336,1139.780029,2010-09-21
25.209399,112.340577,11.462827,29.720851,1165.829956,2010-03-18
24.69769,132.37611,14.954473,45.56624,1285.959961,2011-01-12
22.285337,149.452588,17.191934,46.702683,1335.25,2011-04-25
22.076493,148.151225,16.963455,43.322456,1319.680054,2011-04-15
26.767917,180.685406,20.8382,81.45617,1390.98999,2012-08-03
26.804543,85.595502,10.16169,22.826778,1407.219971,2007-11-26
22.343501,75.471777,13.689418,11.299612,1387.170044,2007-03-02
46.362381,153.291605,57.366182,116.031017,2102.439941,2015-08-17
25.066382,177.568962,25.641859,69.316715,1430.150024,2012-12-21
23.171209,129.748114,13.952531,41.8169,1213.400024,2010-11-09
27.446809,86.963752,11.041332,21.736638,1451.150024,2007-11-15
32.670699,160.909189,38.39363,70.92171,1744.660034,2013-10-21
26.264051,176.981039,20.482275,80.409685,1365.0,2012-08-02
21.196412,146.161585,16.323749,48.115631,1120.76001,2011-08-10
36.274267,175.231853,36.799459,73.861858,1868.199951,2014-03-12
15.114569,80.85248,5.392385,14.136092,815.940002,2009-03-27
32.43282,189.757556,32.329458,58.349327,1651.810059,2013-06-18
25.82635,184.677589,26.146385,61.754225,1530.939941,2013-02-19
21.281815,101.139471,7.12876,22.506615,1262.900024,2008-07-03
22.534966,91.75037,12.19128,15.485535,1411.27002,2007-08-16
22.285337,145.824802,17.121992,46.123217,1328.26001,2011-03-30
22.971309,79.432174,14.051354,12.196596,1447.800049,2007-04-12
27.910221,83.874692,9.304956,23.551774,1420.329956,2008-01-10
16.498474,90.312995,6.423215,17.529547,919.530029,2009-05-06
22.979356,80.137904,14.385801,12.526019,1443.76001,2007-04-05
29.502926,180.597103,32.599275,56.62224,1692.390015,2013-07-23
23.219221,87.018172,8.365756,16.600812,1331.290039,2008-02-08
27.032181,89.742232,9.369097,17.939673,1352.069946,2008-01-24
42.121618,143.867177,53.610651,108.632999,1940.51001,2015-08-26
40.115321,155.019183,46.952966,121.97884,2056.149902,2015-03-26
22.748376,104.353306,7.110435,22.828101,1266.839966,2008-08-25
34.197953,161.754592,34.376331,69.61587,1755.199951,2014-02-04
23.790284,81.858964,15.920592,12.832951,1414.849976,2007-01-10
20.767227,146.100878,16.43442,43.116072,1270.97998,2011-06-10
22.120002,147.045947,16.772278,43.978657,1314.52002,2011-04-14
21.248965,147.22901,16.584164,42.369906,1271.5,2011-06-17
21.283999,147.793076,17.477949,43.175606,1268.449951,2011-06-24
19.351747,79.330937,5.699343,14.683807,1005.75,2008-11-04
23.75018,83.092352,15.586146,11.105133,1446.98999,2007-02-05
23.774242,80.642129,16.099269,11.251984,1409.709961,2007-01-05
21.692377,125.072767,12.68538,39.995149,1173.810059,2010-10-14
45.500188,164.15807,52.006779,126.777013,2108.860107,2015-06-11
22.54639,144.648214,15.858358,47.066503,1321.819946,2011-03-08
25.244598,110.882067,9.996757,27.014025,1110.630005,2009-11-25
19.95914,91.556067,6.798895,18.503264,920.26001,2009-06-25
40.605099,149.040953,43.815267,116.277127,2021.25,2015-01-29
30.030417,95.848978,11.696482,24.854914,1509.650024,2007-11-02
22.444078,104.056029,7.224971,23.263364,1274.540039,2008-08-20
22.085939,78.136951,13.776466,11.889664,1406.599976,2007-03-12
15.881042,70.028961,4.288251,11.343271,871.630005,2008-12-22
45.882508,155.060872,39.465721,115.005801,2067.030029,2014-11-25
22.795263,97.104429,8.507781,17.186894,1367.680054,2008-02-28
30.243037,172.386746,34.740777,68.418713,1656.959961,2013-08-22
23.115947,166.801433,21.427384,53.359942,1265.329956,2011-12-23
29.364497,186.711234,25.108165,77.468692,1402.599976,2012-03-15
23.334567,129.748627,13.758296,42.106635,1221.060059,2010-11-04
46.352519,148.221441,60.148053,110.524589,2017.459961,2015-10-12
24.079307,90.518581,11.94388,18.221468,1552.5,2007-07-13
37.857177,180.924868,34.293615,73.113073,1871.890015,2014-04-21
22.415863,146.849849,17.20126,45.300319,1330.359985,2011-04-20
22.119787,126.028086,13.928094,39.755689,1178.589966,2010-11-17
21.730588,160.662054,19.447295,48.552216,1161.790039,2011-11-23
29.514741,172.079559,34.165789,68.337099,1642.800049,2013-08-21
16.162562,72.343614,4.476092,11.983595,890.349976,2009-01-09
46.958839,156.719236,38.206125,106.429266,2038.26001,2014-11-10
22.44991,171.044823,20.550487,51.322545,1244.579956,2011-12-01
23.999242,162.816809,18.760134,51.659905,1292.280029,2011-07-29
39.579932,154.932309,46.76531,122.165384,2067.889893,2015-03-31
26.227603,115.385996,10.560277,28.313195,1132.98999,2010-01-04
38.387975,177.142069,36.867579,74.216988,1857.439941,2014-03-24
23.170441,89.428089,8.329104,16.862762,1348.859985,2008-02-14
14.089146,79.787616,5.103753,13.184865,778.119995,2009-03-17
53.545549,137.060008,61.977459,117.174181,2090.110107,2015-11-27
28.488481,179.442182,23.140011,70.833925,1372.180054,2012-02-28
30.616525,176.882822,36.779805,63.582774,1709.910034,2013-09-20
43.472079,158.507175,53.057018,122.774258,2057.639893,2015-06-29
43.366571,181.283629,37.867656,98.657136,1988.400024,2014-08-22
16.106645,88.828207,6.162071,17.141913,909.23999,2009-05-11
25.057251,187.089122,26.833058,59.037931,1495.709961,2013-02-04
25.959024,89.062298,9.149186,18.398749,1338.599976,2008-01-23
22.862797,106.850449,7.467788,23.721116,1285.829956,2008-08-13
19.970122,103.162259,8.805576,22.005205,1007.369995,2009-08-20
25.226425,111.798036,11.710225,29.650733,1166.209961,2010-03-17
23.950705,80.517962,16.149666,11.086612,1416.599976,2007-01-03
25.312391,112.676668,10.221249,25.987388,1102.349976,2009-12-10
24.07139,160.873063,19.935074,55.861705,1225.380005,2011-10-18
22.822891,172.299783,20.838072,51.994623,1257.079956,2011-12-05
53.307258,136.604653,61.987425,117.392995,2088.870117,2015-11-25
19.489314,89.449747,6.436959,18.831364,901.049988,2009-07-13
27.194782,81.918845,9.098791,22.656112,1390.189941,2008-01-08
39.756511,173.77234,36.90068,89.3131,1956.97998,2014-06-18
30.02486,183.598938,29.089955,57.744137,1593.609985,2013-04-29
32.358648,192.675202,30.421491,60.776444,1630.73999,2013-05-31
23.129412,144.29168,15.378085,46.729143,1327.219971,2011-02-28
52.141652,141.886179,62.204651,117.932513,2075.149902,2015-10-23
22.920575,164.354705,21.215231,52.727555,1254.0,2011-12-22
45.421809,163.769029,51.243867,127.536161,2095.840088,2015-06-04
26.918362,84.865206,8.727691,21.2855,1333.25,2008-01-17
44.096549,154.111547,37.22575,102.34753,1961.630005,2014-10-27
37.307425,184.133645,34.167105,72.05458,1833.079956,2014-04-10
21.00455,121.837666,12.070304,38.259396,1159.969971,2010-10-06
32.887141,189.8965,31.852468,59.311523,1642.810059,2013-06-10
27.048443,85.159001,10.601511,20.342212,1439.180054,2007-11-12
21.090529,122.615508,12.056429,38.263363,1158.060059,2010-10-07
24.230309,111.027976,10.564859,27.694038,1118.790039,2010-03-03
45.0416,149.961202,39.475563,106.84,2028.26001,2015-01-12
31.055369,170.106132,33.900041,66.463932,1630.47998,2013-08-27
24.244533,174.273171,25.182602,68.016679,1402.430054,2012-12-28
41.121501,177.084993,37.627554,92.161665,1920.209961,2014-08-05
27.958999,86.401343,8.956765,23.652321,1416.25,2008-01-14
26.507689,190.974241,27.716609,52.633192,1541.609985,2013-04-18
27.370758,182.160682,21.710031,82.603098,1405.869995,2012-08-10
43.689714,145.544163,56.889286,115.288244,1995.310059,2015-09-16
23.132284,82.188678,15.123417,11.222879,1455.540039,2007-02-16
18.314754,91.789148,6.950083,19.016583,942.460022,2009-06-04
21.792491,103.491828,9.446982,24.62736,1062.97998,2009-09-28
21.756872,114.974549,11.961155,33.435793,1095.170044,2010-07-14
23.456195,157.167229,18.624428,48.278357,1316.140015,2011-07-15
22.629198,112.063246,12.22798,34.92018,1098.380005,2010-06-02
21.491752,114.763452,11.933552,33.312754,1095.339966,2010-07-13
15.806521,71.053904,4.141645,11.289028,842.619995,2009-01-14
44.634431,181.026566,38.058758,95.774931,2001.540039,2014-09-08
27.692912,185.795811,26.28622,74.78171,1369.099976,2012-05-04
14.622481,78.288267,4.192041,12.00344,845.710022,2009-01-27
22.222769,77.995806,13.959725,11.605222,1391.969971,2007-03-07
24.460183,111.001725,10.491556,26.515259,1108.01001,2010-02-22
23.939178,163.327984,19.766013,51.976101,1238.25,2011-10-21
20.8065,99.765556,7.967168,20.736462,954.070007,2009-07-22
20.839468,107.146583,6.606473,20.725877,1260.310059,2008-08-01
32.287876,162.873313,39.089414,70.719019,1754.670044,2013-10-22
28.622565,187.690111,27.142556,77.259659,1397.910034,2012-04-30
22.535132,100.284936,7.211226,22.152056,1280.0,2008-06-30
21.056271,146.09193,16.331472,43.20868,1271.829956,2011-06-13
25.212489,187.942915,26.053277,68.606634,1494.810059,2013-01-23
17.173753,90.278464,6.134582,16.755601,909.710022,2009-05-18
32.024862,177.012582,31.563382,53.587002,1606.280029,2013-06-28
21.476695,152.654743,16.518651,44.470808,1328.97998,2011-05-17
49.05777,126.980003,54.139999,95.010002,1853.439941,2016-02-08
44.833949,163.914916,54.83054,125.031972,2107.399902,2015-07-15
34.724801,174.669506,37.300587,74.020309,1831.369995,2014-01-03
23.815459,99.708152,8.031309,17.631418,1329.51001,2008-03-20
20.557461,119.548352,11.880694,36.863645,1137.030029,2010-10-04
28.240432,189.271991,23.463222,93.260321,1459.319946,2012-09-18
20.248539,101.202224,8.5032,21.868938,998.039978,2009-09-01
24.740944,131.337332,15.223838,44.468162,1271.5,2011-01-07
39.912479,138.238027,50.759233,102.74033,1867.609985,2015-08-25
22.907925,163.076199,19.362146,52.457667,1218.280029,2011-11-01
24.087382,88.309793,12.117976,15.949903,1505.709961,2007-06-28
23.740162,95.452925,12.360794,18.710973,1473.910034,2007-07-30
21.380347,151.186393,16.453138,44.095079,1329.469971,2011-05-16
22.0562,110.189804,12.030161,33.863118,1064.880005,2010-06-04
25.909216,198.948796,27.697401,58.063655,1563.22998,2013-03-14
46.757135,155.358046,38.11756,106.605296,2031.920044,2014-11-07
24.541239,109.331392,10.496137,26.162022,1091.76001,2010-01-22
22.995454,80.220937,14.266683,12.389752,1444.609985,2007-04-09
21.821345,123.455217,13.175592,40.677811,1183.079956,2010-10-22
26.819117,174.087435,22.84668,61.382518,1344.329956,2012-02-06
44.912973,180.883761,37.789257,95.414653,1988.439941,2014-09-09
21.152617,150.407455,16.981923,43.948229,1316.280029,2011-05-24
26.055393,173.283886,22.464573,55.619599,1314.650024,2012-01-24
28.372273,178.309225,22.974421,71.763985,1365.680054,2012-02-29
26.093868,174.521048,24.230243,71.775289,1377.51001,2012-11-08
17.682216,74.532009,5.076264,12.806492,899.219971,2008-10-10
16.295042,63.956196,3.587287,10.925208,800.030029,2008-11-21
55.511433,139.010075,61.54886,118.387598,2091.689941,2015-12-04
16.498474,90.899997,6.514844,17.557329,903.799988,2009-05-05
26.120984,194.4222,27.327654,60.692294,1562.849976,2013-03-27
23.780523,157.114269,19.291705,54.698802,1202.089966,2011-09-20
25.830907,112.673092,11.372298,31.988446,1194.369995,2010-04-09
19.573212,93.412051,6.666032,18.120921,946.210022,2009-06-12
47.206692,157.256042,40.006953,112.942346,2071.919922,2014-12-04
24.21658,90.060157,12.06758,17.562621,1525.400024,2007-07-05
24.691985,176.80698,26.000653,67.549523,1472.630005,2013-01-16
22.55277,78.9008,14.394964,12.372553,1436.109985,2007-03-23
37.87607,174.993283,34.29771,83.70041,1872.829956,2014-05-20
40.329232,171.983507,38.062985,89.119323,1960.959961,2014-06-27
26.102569,190.40266,27.135577,57.881073,1539.790039,2013-03-05
24.826277,112.226815,11.105472,31.218469,1178.099976,2010-04-01
32.343897,173.820271,37.707513,68.167056,1721.540039,2013-10-16
15.144122,64.887186,3.651428,11.416035,806.580017,2008-11-19
26.383971,170.205179,22.700298,55.605048,1315.380005,2012-01-20
22.346249,144.781911,17.047386,46.567739,1304.280029,2011-03-11
26.33275,194.809402,27.903883,57.421934,1559.97998,2013-04-04
27.95087,84.890388,8.297034,23.820339,1411.630005,2008-01-04
23.623262,82.271704,14.843949,11.801023,1457.630005,2007-02-21
27.841913,183.266687,22.891529,88.37615,1418.130005,2012-08-20
23.261065,81.14254,15.004299,11.783825,1451.189941,2007-02-23
23.512292,145.646521,15.653193,48.041542,1336.319946,2011-02-16
44.726178,161.142955,51.065524,125.623511,2080.149902,2015-06-09
23.807298,100.323267,8.196241,18.459606,1349.880005,2008-03-24
31.064708,173.997137,37.364454,65.669508,1691.75,2013-09-27
25.405519,174.81174,21.424185,81.494991,1413.109985,2012-10-23
27.823798,183.678006,24.215952,88.055936,1429.079956,2012-09-10
24.544259,80.666962,15.522005,11.295643,1422.180054,2007-01-26
24.215398,82.090741,15.700682,11.212295,1448.390015,2007-02-02
17.156974,90.373422,6.281189,17.869553,906.830017,2009-05-28
22.680803,167.686222,19.815025,49.930765,1216.130005,2011-11-17
20.986198,147.587139,16.626279,43.855618,1289.0,2011-06-09
25.200258,183.589724,25.584561,60.274775,1496.939941,2013-02-26
46.958583,167.93504,49.827032,126.357667,2114.48999,2015-05-04
25.033538,82.231462,16.447462,12.518082,1430.72998,2007-01-12
51.420805,120.845625,57.522018,98.903329,1877.079956,2016-01-25
31.830154,180.597103,32.902814,56.089792,1640.459961,2013-07-08
23.374734,103.516827,7.421974,23.158847,1390.939941,2008-04-29
26.28214,114.53698,11.560916,32.931736,1211.670044,2010-04-15
45.592538,154.39946,40.89753,109.157721,2035.329956,2014-12-11
28.425907,188.578345,27.402768,77.524255,1402.310059,2012-05-02
21.029994,147.506562,16.72455,44.722174,1286.170044,2011-06-06
23.056433,98.730701,7.935098,19.630448,1334.430054,2008-04-15
16.104602,68.824661,4.109575,12.568354,873.590027,2008-12-11
24.169999,144.983355,14.954473,45.553009,1304.030029,2011-02-02
45.930836,151.149839,39.377155,110.164999,2061.22998,2014-12-18
43.232098,183.739971,38.11756,98.238437,2000.02002,2014-08-26
23.650958,128.57618,15.135598,42.409597,1240.400024,2010-12-10
31.051321,182.792287,31.423657,56.331692,1588.189941,2013-06-20
19.680718,77.105591,4.787631,12.885871,940.549988,2008-10-17
24.89487,90.010143,13.263343,14.555478,1522.75,2007-05-18
50.854868,119.736947,57.442281,92.915814,1882.949951,2016-01-27
24.664514,111.841785,10.656489,26.847328,1106.75,2010-02-18
21.950621,99.342036,6.812639,15.037044,1166.359985,2008-09-30
25.236123,111.108572,9.863895,26.527166,1094.900024,2009-11-19
24.612249,87.667997,13.107573,15.031752,1515.72998,2007-05-25
25.922099,94.360095,11.989695,24.181515,1514.400024,2007-10-25
15.698143,84.828547,5.676436,14.535633,832.859985,2009-03-26
32.312286,193.25872,30.9563,59.415582,1669.160034,2013-05-21
28.711953,180.022255,27.705563,75.635032,1366.939941,2012-04-23
30.840615,178.884174,36.514053,63.241331,1687.98999,2013-09-13
24.121073,104.636629,8.746018,26.11175,1063.410034,2009-10-27
23.86389,97.362959,12.15921,20.892574,1539.589966,2007-10-03
15.314653,83.205487,5.090008,13.907215,797.869995,2009-03-31
19.464146,87.749147,6.139163,18.33789,898.719971,2009-07-06
46.33558,167.075915,48.955132,123.510453,2089.459961,2015-05-05
24.402302,88.851572,12.030928,16.391781,1522.189941,2007-06-21
24.998509,110.664275,9.978432,27.048423,1093.47998,2009-11-13
28.942725,90.741135,9.378259,26.20568,1468.359985,2007-12-31
31.484881,165.50766,38.195528,72.356847,1752.069946,2013-10-24
31.410182,180.01983,36.890935,64.24797,1722.339966,2013-09-19
22.444078,103.393523,7.12876,22.428559,1282.829956,2008-08-29
23.655457,81.781847,15.123417,11.842036,1456.380005,2007-02-22
44.683975,148.628768,39.94299,105.373089,2025.900024,2015-01-07
25.872388,196.561045,27.337258,61.180972,1552.099976,2013-03-18
18.927203,86.911796,5.974231,18.153996,879.559998,2009-07-08
21.05848,103.222968,9.043813,24.461987,1025.209961,2009-10-02
25.981851,113.992138,10.665652,28.04463,1144.97998,2010-01-08
28.633788,87.878722,8.846809,25.777034,1447.160034,2008-01-02
19.581602,90.15761,6.487355,17.729317,895.099976,2009-06-23
26.236076,113.992138,10.807677,28.362145,1136.52002,2010-01-05
38.296065,175.987082,35.152344,85.004268,1900.530029,2014-05-23
16.615189,87.542239,6.184978,16.391781,855.159973,2009-04-28
31.46855,177.373812,32.180099,56.554672,1614.079956,2013-07-02
22.041685,140.548001,16.46453,44.88887,1298.380005,2011-03-21
23.573102,128.096742,14.856943,42.556449,1240.459961,2010-12-13
43.295227,141.641007,56.750193,112.307247,1942.73999,2015-09-22
23.276796,101.705176,7.435718,23.013319,1385.589966,2008-04-30
33.990981,174.070555,36.922492,74.423944,1826.77002,2014-01-06
41.648983,153.020998,45.348032,124.158437,2088.47998,2015-02-12
15.106233,78.585348,4.421114,12.485006,788.419983,2009-02-18
23.701441,164.428402,18.638468,51.186277,1325.839966,2011-07-20
35.582336,172.418276,34.327675,71.859123,1845.119995,2014-02-25
24.375044,110.88797,10.500719,27.876611,1122.969971,2010-03-04
21.958912,124.683846,12.736252,41.63962,1176.189941,2010-10-15
25.652116,112.113052,11.974956,34.222967,1173.599976,2010-05-04
24.692998,88.0014,13.235853,14.935173,1522.280029,2007-05-23
16.096322,71.882398,4.334066,11.291674,903.25,2008-12-31
22.977479,105.082164,7.765584,23.968513,1375.930054,2008-05-23
25.515771,113.190653,10.464067,26.060152,1114.109985,2009-12-14
40.081054,177.974665,38.429257,92.985228,1977.650024,2014-07-07
24.121867,165.825137,18.867763,49.856677,1326.72998,2011-07-19
23.547098,146.930067,15.853696,46.378553,1343.01001,2011-02-18
23.621869,168.444631,20.770985,52.883668,1261.119995,2011-11-07
19.975918,101.742395,8.077123,21.536868,986.75,2009-07-30
44.838624,150.450076,39.962672,106.321692,2022.550049,2015-01-20
24.500219,178.514551,26.316393,69.446185,1472.050049,2013-01-11
22.133743,109.704325,6.844709,21.722087,1289.189941,2008-08-06
22.093896,141.742419,16.655707,45.699859,1281.869995,2011-03-15
23.54442,91.357707,8.636062,17.119422,1367.209961,2008-02-13
24.074572,96.76908,12.150047,20.670313,1542.839966,2007-10-04
51.68888,120.984209,59.096874,93.582196,1893.359985,2016-01-28
16.154282,74.982836,4.576884,12.040484,906.650024,2009-01-07
37.222119,173.810957,36.935702,73.125459,1860.77002,2014-03-19
22.772688,107.755756,8.214568,24.620745,1385.670044,2008-06-02
29.632731,182.106869,32.093373,59.530451,1685.939941,2013-07-24
55.551149,136.218597,59.99394,106.243496,2056.5,2015-12-28
22.432038,78.261493,14.367476,12.29185,1420.859985,2007-03-30
24.797971,98.436873,12.809777,18.159288,1518.089966,2007-07-25
31.857969,177.17004,31.915102,55.301924,1614.959961,2013-07-01
24.539575,85.95098,12.72273,15.545071,1515.670044,2007-06-13
37.677087,185.394588,33.519963,71.294775,1842.97998,2014-04-15
35.275762,168.446022,39.234366,71.226314,1770.609985,2013-11-08
33.072575,177.901772,33.591802,57.638493,1680.189941,2013-07-12
45.676546,167.785922,55.177317,127.79249,2126.639893,2015-07-17
23.473711,159.41453,18.067568,51.452197,1254.050049,2011-08-02
20.774548,97.779203,7.344089,17.739902,1206.51001,2008-09-18
26.147081,176.84452,25.89233,74.390105,1317.819946,2012-05-25
23.151468,168.489757,20.281761,50.904483,1236.910034,2011-11-16
23.988334,143.829168,14.643308,44.891516,1286.119995,2011-01-31
23.464512,97.972334,8.237475,20.220498,1365.540039,2008-04-08
22.246915,78.261493,14.330824,12.335509,1417.22998,2007-03-28
19.866852,92.367522,6.551496,17.937027,910.710022,2009-06-17
22.46875,104.098493,7.307437,22.957754,1266.689941,2008-08-19
23.733843,102.825872,7.486115,24.439496,1407.48999,2008-05-05
24.495938,99.219883,12.16379,22.066062,1562.469971,2007-10-10
26.641943,89.507189,10.234994,23.788588,1462.790039,2007-12-04
34.705984,176.653532,36.495924,75.835994,1845.890015,2014-01-16
22.746294,96.009016,7.834306,16.173487,1293.369995,2008-03-07
21.441659,149.470775,15.990324,46.729143,1119.459961,2011-08-08
28.11347,86.812657,10.583185,22.338597,1439.699951,2007-11-20
29.069513,187.780739,26.617399,81.294766,1412.52002,2012-03-27
27.352824,181.34718,22.915349,83.816167,1405.530029,2012-08-15
42.373694,156.563686,45.925807,126.377307,2099.679932,2015-02-18
31.598359,189.590841,30.619033,58.729073,1650.469971,2013-05-16
16.278481,73.317306,4.50358,11.795731,904.419983,2008-12-17
21.780632,152.135446,16.91641,45.047628,1337.77002,2011-05-13
25.550434,176.658122,21.852954,80.251361,1411.939941,2012-10-26
24.476546,105.96208,7.348671,24.893279,1403.579956,2008-05-12
26.673418,195.445524,28.119969,57.223245,1574.569946,2013-04-16
30.523151,177.543728,36.562371,64.301026,1683.420044,2013-09-12
41.24388,139.9248,53.15363,106.681981,1913.849976,2015-09-01
23.937931,162.369141,18.23603,51.939056,1304.890015,2011-07-27
36.173628,166.096996,39.297709,75.42278,1800.900024,2013-12-02
21.563086,137.428277,16.361947,44.272359,1273.719971,2011-03-17
16.628421,88.759146,6.152908,16.428824,888.330017,2009-05-21
17.065082,70.772044,4.366136,12.993032,899.23999,2008-12-10
40.543636,156.66987,47.70358,124.001353,2095.840088,2015-04-14
23.118395,94.276451,12.741055,16.906422,1452.920044,2007-08-13
26.736932,180.20462,22.210262,79.260179,1427.589966,2012-11-01
33.091119,178.577919,33.408712,57.743901,1675.02002,2013-07-11
24.94767,178.285039,25.445718,72.261136,1427.839966,2012-12-11
24.737642,172.886923,24.067947,72.46268,1374.530029,2012-11-13
20.330436,78.575,5.099171,13.023461,985.400024,2008-10-20
45.566113,156.482206,37.289449,106.524782,2017.810059,2014-11-03
24.644549,86.559435,12.649426,15.710443,1522.969971,2007-06-14
24.865406,163.009468,22.440999,55.749251,1295.5,2012-01-12
27.262683,192.882607,27.567749,57.322589,1568.609985,2013-04-09
16.465127,88.275729,5.841368,15.808344,883.919983,2009-05-13
39.622873,173.034092,37.716248,89.003053,1959.47998,2014-06-19
22.731731,102.484723,7.458626,22.260541,1283.150024,2008-06-26
24.092143,130.218665,15.052002,42.819724,1257.880005,2010-12-30
24.217139,171.620011,23.326437,70.431216,1359.880005,2012-11-16
25.652212,172.202687,24.872012,74.461551,1285.5,2012-06-05
44.932183,180.283953,36.877846,98.150806,1968.890015,2014-10-08
20.017868,91.357524,6.707266,18.782414,927.22998,2009-06-29
42.447074,142.837449,55.925568,114.198838,1953.030029,2015-09-14
24.494239,111.29925,10.702304,26.680632,1109.170044,2010-02-19
23.592131,107.153476,9.992176,25.407921,1063.109985,2010-02-04
24.20043,90.876988,12.16379,17.503087,1530.439941,2007-07-06
22.55223,115.203226,12.872042,35.967983,1116.040039,2010-06-17
31.634275,171.372108,37.398277,65.707598,1690.5,2013-10-04
25.269661,174.327296,21.562343,81.956036,1408.75,2012-10-24
27.289422,181.246634,22.119744,83.930439,1403.930054,2012-08-14
46.461005,149.447303,59.681095,111.039583,2014.890015,2015-10-09
24.688747,104.207781,8.109194,21.194214,1375.939941,2008-04-22
45.602206,149.414801,43.406881,110.487721,2051.820068,2015-01-23
44.086946,178.198917,36.559341,96.57338,1946.160034,2014-10-01
46.829735,155.521004,40.065998,110.057425,2082.169922,2014-12-23
51.956956,130.299066,56.445538,96.43671,1922.030029,2016-01-08
24.723318,163.695629,22.073269,55.994003,1292.079956,2012-01-10
25.946046,196.773081,27.28924,61.015837,1548.339966,2013-03-19
24.019829,106.761448,9.025487,25.669871,1066.630005,2009-11-05
24.468387,85.659218,14.207124,13.159729,1486.300049,2007-05-01
27.540949,183.810869,29.176946,80.071,1370.26001,2012-04-13
45.379898,148.945103,40.961492,107.309414,2002.329956,2014-12-12
34.884738,171.468856,38.085864,77.672198,1833.319946,2013-12-24
39.193647,182.129339,35.845778,74.679472,1890.900024,2014-04-02
23.447436,158.008846,18.867763,47.257014,1353.219971,2011-07-07
15.081222,77.863984,4.421114,12.506174,789.169983,2009-02-17
36.160526,176.568062,35.368939,73.055257,1877.030029,2014-03-06
45.901891,165.266851,51.640182,128.285441,2114.070068,2015-06-03
21.946775,129.455127,14.620087,41.647558,1198.349976,2010-11-24
46.489751,167.007841,51.333039,129.92204,2120.790039,2015-05-28
44.26944,179.979283,36.823945,97.001818,1964.819946,2014-10-06
33.80282,170.561068,35.676715,75.461085,1844.859985,2014-01-22
24.962498,112.821851,11.317093,31.690777,1189.439941,2010-04-06
19.153726,94.439318,6.53317,18.515171,944.890015,2009-06-11
28.023654,179.03432,22.818293,69.557246,1367.589966,2012-02-27
14.564521,79.014264,4.421114,12.303758,845.140015,2009-01-29
33.925125,171.010278,35.574921,76.100066,1828.459961,2014-01-23
23.578818,158.017809,18.8818,47.589082,1343.800049,2011-07-08
16.319881,72.531521,4.334066,10.892133,850.119995,2009-01-16
42.821477,157.162173,46.548029,126.446026,2113.860107,2015-02-25
22.595152,124.542418,13.055351,40.382784,1183.780029,2010-10-28
43.285363,144.386941,54.852559,111.227747,1969.410034,2015-09-08
25.559341,185.387451,26.011931,60.521796,1515.599976,2013-02-22
21.90226,116.675656,11.866819,34.629124,1127.790039,2010-08-09
47.854143,167.886772,49.985056,128.183816,2114.76001,2015-04-28
42.076039,182.063433,38.448792,91.832236,1981.569946,2014-07-16
46.472109,157.706579,39.593649,113.372642,2074.330078,2014-12-03
23.736478,165.547572,18.89584,51.237876,1343.800049,2011-07-21
22.431963,161.11586,17.925129,51.671814,1160.400024,2011-09-29
16.888502,88.854104,6.139163,17.602312,893.059998,2009-05-27
26.074947,198.266575,27.577353,60.692294,1558.709961,2013-03-20
43.550462,159.985555,53.393888,124.815072,2077.419922,2015-07-01
24.792848,133.752242,15.326012,45.067475,1295.02002,2011-01-18
25.185567,97.003244,12.905988,19.011291,1541.569946,2007-07-23
52.650002,133.770004,58.869999,96.879997,1945.5,2016-02-22
28.02404,91.051723,10.024246,25.250486,1486.589966,2007-12-12
15.765122,78.928854,4.641025,12.76151,845.849976,2009-02-05
23.409091,92.227267,12.22335,17.431646,1455.27002,2007-07-31
24.774243,87.001191,13.762723,14.140061,1512.579956,2007-05-09
26.54382,173.906854,22.742729,60.353237,1324.089966,2012-02-01
24.936957,112.226815,11.119217,31.090142,1169.430054,2010-03-31
21.683779,115.075787,11.8067,36.431028,1125.589966,2010-09-17
51.91724,121.261376,58.977262,100.872638,1906.900024,2016-01-22
24.354113,173.189867,24.297576,71.914105,1409.280029,2012-12-05
40.176507,177.936812,38.385303,92.258554,1967.569946,2014-07-11
23.673917,105.191684,8.800995,25.243871,1046.5,2009-11-04
24.006852,81.867244,16.03971,11.30755,1412.839966,2007-01-08
33.361647,164.623342,38.635221,71.547458,1759.77002,2013-10-25
15.425641,79.287581,4.476092,12.376522,832.22998,2009-02-04
27.8872,185.798605,24.168309,87.770279,1433.560059,2012-09-11
16.873628,89.835133,6.322422,16.833657,877.52002,2009-05-01
21.183516,109.896317,6.569821,21.849092,1260.680054,2008-07-18
22.248083,106.518613,9.405749,26.295643,1091.060059,2009-10-20
26.354027,177.072061,25.17099,76.225086,1324.180054,2012-06-12
13.438879,76.850644,4.045434,12.061651,712.869995,2009-03-04
22.654161,173.509598,20.743782,51.839832,1236.469971,2011-12-12
23.64017,104.385119,9.286631,26.980949,1079.599976,2009-10-23
24.332575,167.514678,21.766826,54.697481,1277.300049,2012-01-04
42.830121,183.265457,38.649019,94.167286,1987.01001,2014-07-23
23.137092,167.599348,20.7522,52.95114,1253.22998,2011-11-04
28.385468,95.129635,11.989695,24.435527,1535.280029,2007-10-26
53.813624,137.515349,59.356025,114.578267,2049.620117,2015-12-03
23.965621,163.885505,19.977339,53.682751,1254.189941,2011-10-24
23.903922,155.558597,18.408832,52.985538,1216.01001,2011-09-16
24.261591,109.470782,10.276227,26.357823,1097.280029,2010-02-03
20.548863,111.168915,10.951141,33.118276,1080.290039,2010-09-01
18.924083,76.91024,5.28243,11.879079,984.940002,2008-10-08
22.597826,152.216023,18.367056,44.354386,1296.670044,2011-06-28
35.553898,172.154799,35.675478,73.966471,1828.75,2014-02-19
45.79412,153.144508,56.014986,114.129513,2086.050049,2015-08-12
35.750269,164.786793,38.643313,77.703671,1785.030029,2013-12-05
22.951996,146.961903,17.934522,50.884636,1172.869995,2011-09-13
22.397401,125.010888,13.069225,40.725439,1182.449951,2010-10-27
21.380574,112.300721,12.411998,33.14209,1086.839966,2010-06-10
43.107236,155.406362,36.43684,99.776914,1941.280029,2014-10-21
33.184242,167.695183,39.055591,71.403264,1763.310059,2013-10-30
27.085531,174.402793,23.09743,65.278711,1342.640015,2012-02-10
23.09724,97.365648,7.907609,16.766185,1276.599976,2008-03-17
49.802423,127.270009,54.490002,94.019997,1880.050049,2016-02-05
22.955211,79.174791,14.784389,12.418857,1435.040039,2007-03-21
51.09,122.739998,56.41,96.639999,1895.579956,2016-02-16
22.854605,107.529939,7.467788,22.961722,1305.319946,2008-08-11
23.839943,105.031402,7.307437,24.156378,1392.569946,2008-05-07
25.486438,188.135697,26.79957,60.040315,1500.180054,2013-01-28
55.273143,136.852125,60.123517,107.446965,2060.98999,2015-12-24
21.068833,108.280323,6.730173,21.028843,1267.380005,2008-07-31
25.760183,166.641596,25.000146,79.233555,1334.76001,2012-07-12
31.522226,171.995785,37.262987,66.606767,1692.560059,2013-10-10
14.906149,84.115773,5.112915,14.088464,813.880005,2009-03-25
22.775713,155.225871,17.868776,51.592433,1210.079956,2011-08-29
24.509351,170.307194,23.364709,71.65917,1355.48999,2012-11-14
42.762665,142.249045,54.902234,111.257456,1948.859985,2015-09-02
23.296953,107.721912,8.022146,24.664403,1385.349976,2008-05-27
23.627744,101.511375,8.100031,20.334276,1364.709961,2008-04-16
23.586613,169.148847,20.493913,50.175518,1251.780029,2011-11-14
41.197862,181.410364,37.93601,92.626733,1930.670044,2014-07-31
24.076629,98.157713,8.475711,19.782591,1370.180054,2008-04-01
22.396625,171.234427,20.701351,51.556714,1244.280029,2011-12-02
23.798152,166.3584,19.409108,52.957753,1195.540039,2011-10-11
25.251968,113.110623,11.265824,30.547716,1166.589966,2010-03-26
41.740962,157.229752,48.12827,123.608631,2108.100098,2015-03-20
29.131918,170.469168,34.856739,67.837862,1653.079956,2013-09-04
51.360001,132.800003,58.110001,96.099998,1929.800049,2016-02-24
27.719729,180.828919,27.823841,77.717411,1376.920044,2012-04-19
45.970474,168.476486,55.69253,130.20796,2128.280029,2015-07-20
24.874617,177.137478,25.641859,71.942133,1428.47998,2012-12-12
21.397865,149.127118,16.836857,45.710443,1314.550049,2011-06-01
25.422555,112.058147,10.074642,27.385783,1110.319946,2009-11-17
26.22067,188.074576,22.467524,83.453442,1432.839966,2012-10-11
30.669368,187.729118,29.963771,61.575669,1625.959961,2013-05-07
42.2574,178.874893,37.544254,94.937533,1955.180054,2014-08-14
23.141312,104.591447,7.641884,23.574265,1390.709961,2008-05-21
24.6098,174.695466,24.163625,74.97198,1391.030029,2012-11-21
24.390597,98.952219,12.264583,22.207621,1565.150024,2007-10-09
22.004886,115.458303,11.644837,34.791853,1127.23999,2010-08-04
21.389126,108.386734,11.367697,32.295378,1067.949951,2010-05-26
13.463888,79.031901,4.192041,11.815576,735.090027,2009-02-27
44.210364,145.63797,39.578889,106.996474,2012.890015,2014-12-17
26.19207,178.501008,26.238764,75.484211,1318.859985,2012-05-23
35.345726,169.672,39.433435,71.122324,1804.76001,2013-11-22
24.136659,109.584128,10.482393,26.909508,1094.869995,2010-02-16
27.397926,184.671913,26.32893,75.341333,1369.579956,2012-05-07
26.776915,178.746756,22.527656,77.415771,1385.969971,2012-07-27
45.030979,149.712094,55.448676,111.564474,2035.72998,2015-08-20
21.573041,148.733168,17.655771,43.821224,1283.5,2011-06-23
23.939178,169.058557,20.832035,53.743606,1275.920044,2011-11-08
35.082304,174.454262,38.076171,75.872933,1841.069946,2013-12-30
33.212252,165.088774,38.031244,72.080701,1762.109985,2013-10-28
22.294039,144.559074,17.205923,46.508205,1313.800049,2011-03-25
38.871378,181.320083,35.563565,74.161928,1888.77002,2014-04-03
21.650438,109.583275,7.06462,21.995944,1282.189941,2008-07-23
20.504471,95.509744,6.601892,19.51667,940.73999,2009-07-16
41.040087,157.47108,47.654198,123.873714,2104.98999,2015-04-16
15.872761,68.77341,4.279089,11.250661,868.150024,2008-12-24
52.585454,131.694798,60.871074,115.095465,2045.969971,2015-11-12
23.812836,90.935333,11.907229,17.514994,1518.76001,2007-07-11
22.713746,78.875893,14.637782,12.680808,1437.5,2007-03-26
46.994048,154.849982,39.78062,112.531613,2053.439941,2014-12-01
41.264679,175.466482,37.588353,91.996907,1909.569946,2014-08-07
20.935767,121.67857,12.139673,38.226319,1160.75,2010-10-05
50.120142,121.667234,58.837718,95.780276,1868.98999,2016-01-21
24.213252,145.214187,14.977694,45.646942,1307.589966,2011-02-01
16.569693,87.956325,5.955905,16.206563,887.0,2009-05-22
22.224424,142.197003,17.108002,44.874319,1297.540039,2011-03-23
22.685619,146.225907,16.679021,44.327926,1328.170044,2011-04-08
34.969406,169.09657,36.249634,73.772389,1819.75,2014-02-11
44.682455,183.559075,36.917043,98.910305,2001.569946,2014-09-17
25.346287,111.448326,9.772266,27.0471,1105.650024,2009-11-24
41.166634,154.266242,48.276419,125.17951,2089.27002,2015-03-19
30.59785,177.068992,37.291976,66.141537,1698.670044,2013-09-26
40.51443,155.09641,47.031976,122.47956,2081.179932,2015-04-17
43.097629,183.035434,38.18126,99.445846,2000.119995,2014-08-27
27.181807,181.15868,25.313359,73.183543,1330.660034,2012-05-15
43.374123,144.681151,56.541553,115.159492,1978.089966,2015-09-15
23.59185,105.843631,8.301616,24.002911,1350.930054,2008-06-17
33.906309,175.249737,37.649599,72.920222,1842.369995,2014-01-10
17.039517,91.081285,6.148327,16.861441,908.130005,2009-05-19
26.444002,169.299268,25.441492,80.036605,1356.780029,2012-07-13
22.311305,78.651722,14.532408,12.629212,1428.609985,2007-03-27
44.618404,164.741645,55.187227,123.888331,2099.600098,2015-07-13
21.580489,138.952491,16.301329,43.747135,1279.209961,2011-03-18
27.622691,176.298417,25.930295,77.010939,1335.02002,2012-06-22
20.84766,104.219173,6.583566,23.367878,1253.390015,2008-07-10
21.073787,146.557508,16.81346,43.928382,1284.939941,2011-06-07
28.640443,182.179408,24.180862,73.028752,1371.089966,2012-03-12
28.863918,179.03432,23.045388,72.032545,1374.089966,2012-03-01
27.198851,192.306624,23.39176,88.595376,1461.400024,2012-10-04
16.278481,82.561415,4.828865,13.192803,868.599976,2009-02-06
26.645797,196.293682,28.129573,58.309335,1593.369995,2013-04-11
20.179155,108.835403,10.627416,32.161759,1049.329956,2010-08-31
22.930468,126.928976,13.207964,39.819193,1183.26001,2010-10-29
38.293192,184.877039,34.361735,81.22313,1883.949951,2014-04-30
19.67868,108.606621,11.179079,33.277034,1030.709961,2010-06-30
49.335773,117.849998,54.919998,93.699997,1829.079956,2016-02-11
22.715347,104.456073,7.591488,22.92071,1314.290039,2008-06-24
42.69363,139.767901,55.408934,111.356499,1881.77002,2015-09-28
33.628886,179.550468,33.495438,58.137158,1676.26001,2013-07-16
21.621063,155.828357,16.999993,49.559007,1099.22998,2011-10-03
24.701073,88.801564,13.345808,15.664139,1536.339966,2007-06-01
24.84631,109.871517,10.262482,26.86585,1096.780029,2010-01-25
44.038918,177.484865,36.495642,98.365018,1928.209961,2014-10-09
25.719151,113.452005,10.711466,27.868673,1145.680054,2010-01-13
23.186702,87.287813,8.31536,16.140414,1326.449951,2008-02-06
28.711953,188.768687,26.366649,80.683544,1403.280029,2012-03-29
13.163764,76.472793,4.017945,11.634327,700.820007,2009-03-02
21.170135,150.649186,17.052114,44.240607,1317.369995,2011-05-23
17.131322,68.235319,3.871338,12.297142,851.809998,2008-11-24
39.851963,171.197933,37.813919,87.472191,1949.97998,2014-06-24
39.881698,154.835772,46.948027,121.00686,2061.02002,2015-03-27
54.588063,135.228708,60.980717,114.996006,2047.619995,2015-12-09
19.690667,101.241709,7.953424,21.167756,979.619995,2009-07-28
40.611776,157.210442,47.575184,124.786789,2102.060059,2015-04-10
43.107236,182.797417,38.127359,99.562695,1996.73999,2014-08-28
19.992698,103.520683,8.370338,22.018435,1002.630005,2009-08-03
45.79412,152.124582,56.829677,114.406813,2077.570068,2015-08-07
20.601911,102.831616,6.414052,23.004058,1228.300049,2008-07-14
37.799705,176.479251,34.11213,81.501005,1870.849976,2014-05-15
26.503732,89.062298,9.149186,17.402542,1362.300049,2008-01-29
23.220822,80.636073,14.220869,11.953167,1471.47998,2007-04-17
21.74446,147.321605,16.319053,48.427856,1140.650024,2011-08-18
25.439503,111.936184,10.413671,25.688394,1107.930054,2009-12-15
45.774524,163.642585,53.611864,126.077025,2121.23999,2015-06-18
26.001184,112.883112,11.951954,34.541808,1186.689941,2010-04-30
22.432038,78.012409,14.088006,11.10381,1399.040039,2007-02-27
29.391665,181.078748,35.639495,63.441397,1707.140015,2013-08-05
43.385778,181.997681,38.205761,98.871356,1997.920044,2014-08-25
18.356607,71.644157,4.700584,12.995678,908.109985,2008-10-23
29.269865,179.136883,28.811443,56.009611,1582.23999,2013-04-26
42.881011,144.524237,56.164012,113.109439,1961.050049,2015-09-11
23.138114,144.354067,15.280165,44.797584,1315.439941,2011-02-22
22.769959,93.038507,12.172953,15.862586,1406.699951,2007-08-15
21.235186,113.171472,11.625323,34.039073,1078.75,2010-07-12
27.763881,90.791505,10.377019,24.541366,1485.01001,2007-12-05
27.878143,183.57746,23.058274,84.548266,1415.51001,2012-08-16
22.327403,79.050249,14.317079,12.389752,1424.550049,2007-04-02
20.712568,103.613246,8.865136,22.148087,1028.119995,2009-08-26
15.631449,87.782692,5.355733,15.345299,842.5,2009-04-03
50.427933,120.627848,56.734591,96.267629,1859.329956,2016-01-20
38.515609,176.412991,34.380731,83.92187,1888.030029,2014-05-21
20.583255,110.523668,11.404356,33.361704,1090.099976,2010-09-02
43.502333,143.651424,57.167476,114.099803,1966.969971,2015-09-21
45.642955,184.701556,37.274749,98.306597,2010.400024,2014-09-19
17.064686,90.658289,6.184978,17.301994,910.330017,2009-05-26
35.923563,176.605696,35.553835,73.012591,1878.040039,2014-03-07
23.578773,98.393648,8.00382,20.03528,1354.48999,2008-04-09
14.597641,78.237015,4.123319,11.859235,836.570007,2009-01-26
44.423004,149.347708,39.569046,107.37787,2011.27002,2015-01-14
21.124919,122.730421,12.056429,38.905009,1165.150024,2010-10-08
16.890302,88.632865,6.624799,16.647116,872.809998,2009-04-30
46.796321,149.339427,59.075043,108.444827,2013.430054,2015-10-08
35.468592,172.380643,35.991751,75.152975,1840.76001,2014-02-18
35.383359,163.963229,37.033983,76.808824,1782.219971,2013-12-11
21.657987,123.605479,13.129345,40.859058,1185.619995,2010-10-25
45.862703,154.363838,57.654302,116.770124,2098.040039,2015-08-03
22.911946,104.456073,7.467788,22.908803,1318.0,2008-06-23
45.010307,155.375352,56.762589,122.744682,2079.649902,2015-07-24
43.241705,154.406686,36.672041,102.07489,1950.819946,2014-10-23
46.11169,166.433987,49.044303,124.539021,2105.330078,2015-05-11
36.065739,174.846042,36.093931,72.503303,1858.829956,2014-03-17
21.745014,100.259354,6.899687,20.057771,1232.040039,2008-09-10
43.324813,145.122458,55.269841,112.198306,1988.869995,2015-08-28
33.165567,169.528986,38.470941,70.28508,1771.949951,2013-10-29
23.549513,127.141105,13.355952,40.927855,1193.569946,2010-11-02
23.089305,165.736078,20.498628,50.408361,1219.660034,2011-12-16
22.698964,106.486647,8.026728,24.026726,1361.76001,2008-06-09
27.332054,84.151702,10.340367,21.878199,1453.699951,2007-11-09
22.255679,152.096538,17.558831,50.747046,1176.800049,2011-08-26
35.809819,173.387499,34.288748,72.643701,1845.72998,2014-03-03
22.625873,159.802986,18.714079,52.821488,1175.380005,2011-09-27
15.765122,70.69517,4.123319,12.53528,868.570007,2008-12-15
21.056136,118.567215,11.815948,37.53969,1141.199951,2010-09-30
52.624903,137.835941,62.095363,119.368538,2089.409912,2015-10-29
22.932022,93.222521,12.608193,17.34036,1462.5,2007-08-23
25.596018,184.465539,26.809049,62.696665,1520.329956,2013-02-13
21.444119,101.051794,7.907609,20.879344,976.289978,2009-07-23
43.731558,176.808904,36.284939,96.154681,1935.099976,2014-10-07
40.864868,151.360663,45.145561,120.01524,2040.23999,2015-03-11
25.011591,177.073222,24.345414,78.686544,1406.290039,2012-11-26
22.235796,111.166103,11.970356,33.517816,1103.060059,2010-05-27
41.175368,153.059604,45.027044,119.799242,2068.590088,2015-02-10
23.357446,150.387998,18.103583,51.503793,1188.680054,2011-09-14
27.835935,181.390875,28.542975,80.482452,1385.140015,2012-04-18
28.863918,189.856323,26.811375,81.843805,1419.040039,2012-04-02
41.760431,157.345585,48.35543,124.384254,2091.5,2015-03-24
31.522226,163.618007,38.67871,71.411422,1746.380005,2013-10-23
21.686907,148.822707,17.18782,43.036692,1295.52002,2011-06-21
34.254402,177.542613,37.42662,73.891693,1837.880005,2014-01-07
22.343821,155.558597,18.042532,50.724557,1204.48999,2011-08-15
54.657563,134.476398,58.458959,102.155677,2016.709961,2016-01-05
45.220336,183.092556,36.907245,99.075836,1998.300049,2014-09-24
26.237057,176.525958,24.867268,76.055747,1360.02002,2012-07-26
26.338414,175.494178,24.682834,74.478128,1394.530029,2012-11-07
44.696783,163.992727,55.236766,123.839032,2108.949951,2015-07-14
22.934671,88.593889,8.484874,17.126037,1339.130005,2008-02-11
23.896302,98.458709,12.356212,20.440113,1531.380005,2007-09-27
33.557726,167.806896,38.833328,71.65492,1767.930054,2013-11-04
44.384341,145.791347,39.997114,107.133385,2032.119995,2015-01-21
25.088667,88.243117,12.919733,14.200918,1514.140015,2007-05-16
25.95379,104.645951,7.325763,22.350503,1388.819946,2008-04-24
14.937122,80.98727,4.421114,12.462516,874.090027,2009-01-28
22.098961,112.116017,11.570117,34.26795,1093.670044,2010-07-22
15.514735,86.245506,5.209126,15.941965,832.390015,2009-04-20
35.098358,171.150666,39.132898,71.019707,1771.890015,2013-11-11
24.854497,92.327284,11.852251,18.377581,1549.369995,2007-07-17
29.104237,182.671872,32.844995,59.258819,1690.25,2013-07-25
19.894549,77.734122,4.838028,13.479891,946.429993,2008-10-16
15.998268,86.898168,5.264104,15.388959,825.159973,2009-04-08
24.963092,164.80613,22.026125,55.882874,1277.810059,2012-01-06
35.373949,167.491437,39.564316,74.701702,1807.22998,2013-11-27
22.671922,165.122133,20.56463,50.565798,1205.349976,2011-12-19
26.70976,192.37975,23.891992,87.610836,1444.48999,2012-10-01
27.145817,175.661307,25.033365,76.005469,1331.849976,2012-06-27
46.617121,169.001692,50.560217,128.226289,2125.850098,2015-05-20
16.659362,74.461825,4.645606,12.264068,909.72998,2009-01-08
34.02861,176.344695,35.700954,75.127229,1843.800049,2014-01-21
22.357762,105.495229,9.456144,24.878728,1087.680054,2009-10-16
24.568229,110.803665,9.946361,26.889665,1098.51001,2009-11-11
27.156575,174.584063,23.30087,66.493214,1351.77002,2012-02-13
51.788166,123.458931,59.529999,95.830001,1912.530029,2016-02-03
32.173211,178.068488,32.811269,56.857385,1652.619995,2013-07-10
24.806046,88.543179,13.208365,16.051773,1539.180054,2007-06-04
21.421072,104.236092,6.22163,22.443112,1214.910034,2008-07-15
16.190013,87.611025,6.258282,17.09164,929.22998,2009-05-08
31.186092,169.668624,34.073983,66.277572,1632.969971,2013-08-30
21.380574,112.749293,12.269385,35.588287,1073.689941,2010-06-24
46.530101,155.1184,39.987271,109.539117,2081.879883,2014-12-24
38.362883,174.88917,35.972794,86.596033,1911.910034,2014-05-27
45.353226,156.678653,56.980561,121.255969,2108.570068,2015-07-29
23.3955,104.601938,8.695621,24.938262,1036.189941,2009-10-30
18.902035,86.488806,5.942161,17.913213,881.030029,2009-07-07
23.080918,97.744828,7.907609,19.466397,1332.829956,2008-04-11
25.066382,186.42814,26.847409,60.795774,1498.109985,2013-01-31
15.831362,71.335757,4.526488,11.906862,887.880005,2008-12-19
26.250763,173.103318,22.521147,59.092434,1326.060059,2012-01-25
38.236319,183.53141,36.303157,75.015327,1865.619995,2014-03-25
24.113108,165.798265,18.8818,52.032988,1345.02002,2011-07-22
52.403745,131.556214,59.266318,99.420519,1938.680054,2016-01-12
22.330342,106.554335,6.569821,22.862499,1245.359985,2008-07-16
14.158801,78.279724,4.324903,11.924061,825.880005,2009-01-30
25.100536,110.603294,9.808917,26.44911,1091.380005,2009-11-20
23.223228,105.403676,7.838888,23.468426,1321.969971,2008-06-25
22.476776,151.401278,16.90237,45.986948,1346.290039,2011-05-09
24.308456,174.493508,24.814239,78.119278,1416.180054,2012-11-30
26.236076,115.490545,10.679396,27.999648,1126.420044,2009-12-30
35.185793,172.320495,39.520688,71.305671,1795.849976,2013-11-21
28.706958,88.785289,9.735614,25.188306,1467.949951,2007-12-14
23.124828,166.982,21.658393,53.783297,1265.430054,2011-12-27
24.030914,82.835742,15.970989,12.24687,1412.109985,2007-01-09
21.588752,88.962763,6.491937,13.243077,1114.280029,2008-10-02
12.630211,71.689487,3.788872,10.995326,676.530029,2009-03-09
26.516894,197.621239,27.975911,57.699835,1570.25,2013-04-02
40.913539,152.335622,45.52087,122.24393,2044.160034,2015-03-10
22.790041,150.183501,17.066036,46.360031,1347.23999,2011-04-26
23.698342,105.775943,8.242056,23.932793,1342.829956,2008-06-19
24.624469,81.660299,16.406228,12.674194,1423.819946,2007-01-11
23.07788,96.86109,12.388283,18.086524,1451.699951,2007-09-10
28.6762,180.194466,23.130548,72.126481,1369.630005,2012-03-02
14.139166,78.963199,5.268685,13.430941,794.349976,2009-03-18
18.915859,74.914221,5.1908,13.831805,930.090027,2008-10-29
24.151496,113.338588,12.048563,32.855001,1115.050049,2010-05-19
24.750096,86.092674,13.826863,13.899277,1507.719971,2007-05-08
42.685193,156.322358,46.167781,126.122045,2104.5,2015-02-27
14.947834,84.416345,5.186219,14.089787,806.119995,2009-03-24
24.862778,88.334803,13.565719,14.386135,1505.849976,2007-05-11
25.34562,112.681851,11.252079,31.202593,1173.27002,2010-03-30
26.600466,114.863304,10.771025,27.663611,1126.199951,2009-12-29
30.56984,177.515803,36.42708,63.623581,1689.130005,2013-09-11
23.745268,167.815155,19.216565,51.438967,1194.890015,2011-10-10
26.399015,177.053854,25.973006,76.623304,1313.319946,2012-05-30
43.959056,148.168651,39.155743,104.463604,1992.670044,2015-01-15
21.645692,114.438024,12.568413,35.848915,1092.040039,2010-06-23
23.848105,103.710634,8.090868,20.43879,1365.560059,2008-04-17
27.46151,176.749518,23.68237,88.206077,1399.47998,2012-08-30
24.423944,80.716633,15.563239,11.410743,1423.900024,2007-01-25
24.408903,174.15382,25.689699,73.04195,1413.939941,2012-12-06
26.156079,178.473705,25.987242,74.790973,1320.680054,2012-05-24
27.622691,181.058562,26.158086,77.713448,1357.97998,2012-06-19
21.699684,110.178511,9.327864,25.243871,1076.189941,2009-10-12
31.218211,180.597103,31.192386,54.411352,1588.030029,2013-06-25
37.136812,186.100333,33.724323,71.806813,1830.609985,2014-04-14
22.459372,142.651586,17.522998,45.639004,1309.660034,2011-03-24
24.132496,107.01967,7.820561,24.289999,1426.630005,2008-05-19
25.60515,184.059895,26.674594,62.640282,1521.380005,2013-02-14
16.331738,85.833298,5.50234,15.904922,858.72998,2009-04-13
19.682278,101.800639,8.384081,21.685042,997.080017,2009-08-06
21.82414,147.910557,16.697673,43.903247,1305.140015,2011-04-18
25.431029,112.380474,10.84891,27.527342,1116.47998,2010-01-21
34.884738,173.312508,38.628772,70.465557,1781.369995,2013-11-20
22.673502,77.165533,14.156728,11.193774,1406.819946,2007-02-28
52.189999,132.449997,56.959999,96.260002,1917.829956,2016-02-18
17.007016,85.833298,6.047534,16.501588,857.51001,2009-04-27
23.02765,78.817774,14.092588,11.938614,1452.849976,2007-04-13
24.95333,79.607407,16.282529,11.708415,1430.5,2007-01-19
33.062858,166.820182,39.161892,71.103986,1756.540039,2013-10-31
20.96156,119.893075,11.99631,37.376964,1146.23999,2010-10-01
56.14687,138.366653,60.93088,108.153132,2078.360107,2015-12-29
35.331786,171.440781,39.355879,71.832456,1798.180054,2013-11-15
34.211327,165.554206,39.61608,71.478078,1762.969971,2013-11-05
41.711757,155.192947,45.945561,124.826061,2079.429932,2015-03-09
23.736192,107.816497,10.166272,25.955637,1070.52002,2010-02-09
25.322463,94.477198,11.94388,24.598254,1515.880005,2007-10-24
20.486697,85.463372,5.942161,12.983772,1056.890015,2008-10-06
17.432192,85.944941,6.18956,16.391781,866.22998,2009-04-24
22.067791,151.759407,16.747948,45.937998,1342.079956,2011-05-11
20.574657,111.442931,11.459852,34.783915,1098.869995,2010-09-08
21.465388,97.711252,6.890524,20.067032,1224.51001,2008-09-09
28.012722,96.024638,12.017184,24.487124,1540.97998,2007-10-29
34.451969,170.542346,37.964679,78.003322,1827.98999,2013-12-23
30.030417,95.062718,11.833925,24.798026,1508.439941,2007-11-01
23.085983,94.887064,12.539471,17.496472,1466.790039,2007-08-27
27.325651,186.465856,23.86817,88.380131,1433.319946,2012-09-26
42.91882,159.112104,46.148027,129.764515,2115.47998,2015-02-24
24.707084,112.506841,10.670233,27.649058,1115.709961,2010-03-01
45.998494,151.859198,40.587548,109.421762,2062.139893,2015-01-08
24.664514,109.925402,11.100891,29.745987,1145.609985,2010-03-10
29.530742,181.551123,34.656602,61.261594,1685.959961,2013-07-30
24.179914,98.508894,12.214187,22.214236,1552.579956,2007-10-08
39.871962,157.02703,47.39741,124.070079,2086.23999,2015-03-30
24.243021,83.998673,14.431616,13.219263,1494.069946,2007-04-27
52.099998,134.5,58.75,96.760002,1951.699951,2016-02-25
20.60045,111.328019,11.501474,34.10787,1091.839966,2010-09-07
25.577754,185.28604,26.093564,61.777047,1519.790039,2013-02-15
35.392765,172.85114,36.507516,74.877686,1838.630005,2014-02-14
22.745649,91.206676,12.530308,16.877315,1447.119995,2007-08-21
23.659412,92.620281,12.85101,16.721203,1453.089966,2007-08-09
23.789369,146.261555,15.462016,46.905099,1321.869995,2011-02-10
28.015908,88.36558,10.990935,22.485449,1481.050049,2007-11-13
45.676546,153.301422,56.859481,114.020572,2083.560059,2015-08-06
24.179914,97.279316,12.296653,21.359588,1557.589966,2007-10-05
23.137092,164.011397,18.437007,48.923974,1155.459961,2011-10-07
25.192371,112.524333,11.274987,30.74484,1173.219971,2010-03-29
22.399842,78.037316,14.220869,12.05636,1402.060059,2007-03-19
29.113509,179.263323,33.143719,57.427674,1692.089966,2013-07-19
24.722828,94.828512,11.998858,23.067561,1506.329956,2007-10-22
22.528986,147.839247,16.10549,46.63124,1320.02002,2011-03-09
22.518749,105.708262,8.095449,24.559888,1360.680054,2008-06-06
26.363023,168.607549,24.753371,79.965166,1341.449951,2012-07-11
15.566401,80.096765,4.535651,12.94276,827.159973,2009-02-10
33.6617,173.995684,36.578328,74.76054,1838.880005,2014-01-14
24.512174,81.95002,15.764822,11.210972,1445.939941,2007-02-01
23.289776,156.934446,18.437249,49.453169,1305.439941,2011-07-18
27.878143,186.255629,24.377929,88.992651,1436.560059,2012-09-12
46.323189,158.604443,55.682624,128.906563,2119.209961,2015-07-21
28.284199,89.935294,9.176676,24.226496,1453.0,2007-12-19
27.10083,175.160715,24.658457,79.947969,1362.660034,2012-07-20
38.935608,175.750463,36.06558,87.014043,1924.969971,2014-06-02
23.050838,130.032228,14.165264,42.152939,1223.25,2010-11-08
37.790828,180.454371,34.814247,73.202542,1865.089966,2014-04-04
27.52491,178.275977,23.725247,89.051113,1403.439941,2012-09-05
24.123192,99.562825,12.058417,20.683543,1547.040039,2007-10-01
25.924559,112.909363,11.376898,32.073119,1197.300049,2010-04-13
24.600668,176.834521,25.335687,70.716845,1418.550049,2012-12-10
36.418234,166.078289,38.648162,77.502537,1808.369995,2013-12-09
28.150477,89.070694,10.720629,23.214412,1474.77002,2007-11-08
20.922585,97.983049,6.899687,16.780739,1188.219971,2008-09-23
24.011337,99.775564,8.356593,17.571882,1330.73999,2008-03-18
25.005068,112.59434,11.586526,29.694391,1159.459961,2010-03-16
40.35868,153.677402,47.293703,121.134491,2061.050049,2015-03-25
40.20881,151.90713,43.698651,116.032642,2050.030029,2015-02-03
24.746774,177.752569,26.110685,69.249973,1430.359985,2012-12-17
24.481956,176.044998,25.527045,68.043375,1413.579956,2012-12-14
26.224123,173.888807,22.591863,60.391603,1312.410034,2012-01-31
27.407167,178.879252,22.820068,88.041326,1402.079956,2012-08-23
24.945309,82.794351,16.626138,12.561739,1430.619995,2007-01-17
22.440169,152.69055,18.451287,44.192982,1307.410034,2011-06-29
27.723228,89.80938,10.033409,24.943554,1477.650024,2007-12-11
22.433694,106.405869,9.465307,27.147646,1092.910034,2009-10-22
20.37141,108.589026,10.861649,32.893367,1028.060059,2010-07-06
20.7885,103.856081,9.190419,24.610161,1040.459961,2009-10-05
23.782812,99.404805,8.242056,18.651438,1352.98999,2008-03-25
22.787368,174.195772,20.61649,51.722085,1258.469971,2011-12-06
43.952473,177.951384,36.480939,97.274458,1946.170044,2014-10-02
38.738679,181.743528,34.512571,81.773717,1869.430054,2014-04-28
21.136284,142.960312,16.384799,47.156465,1123.819946,2011-08-22
23.309441,98.511622,8.090868,19.191215,1341.130005,2008-03-26
28.267602,189.03433,24.039678,91.847951,1465.77002,2012-09-14
26.23957,114.852003,11.427503,32.504411,1210.650024,2010-04-14
24.524677,138.324598,15.409609,44.013055,1280.26001,2011-01-20
23.66997,82.65363,15.425793,11.132916,1448.0,2007-02-06
23.031948,90.877409,8.365756,16.381197,1360.030029,2008-02-20
47.506323,157.361487,38.294691,111.475435,2041.319946,2014-11-17
25.069657,163.478954,22.648438,56.770597,1308.040039,2012-01-18
27.163813,174.214152,24.663204,80.156994,1354.680054,2012-07-06
24.628484,138.226935,15.330656,44.828015,1281.920044,2011-01-19
28.461663,179.251853,23.414418,70.209476,1352.630005,2012-03-07
26.273626,113.408155,12.504007,35.237697,1202.26001,2010-05-03
24.862572,88.276458,13.089247,15.12833,1518.109985,2007-05-29
23.182269,108.694896,8.484874,25.061299,1404.050049,2008-06-05
27.796628,178.870117,23.410816,89.775229,1410.439941,2012-08-27
16.990562,74.154342,4.544814,12.512789,927.450012,2009-01-05
53.555476,135.357398,61.259803,118.138948,2081.23999,2015-11-19
26.718817,176.804359,24.220715,76.637395,1414.199951,2012-11-02
42.076039,178.941531,37.848055,94.684364,1946.719971,2014-08-13
22.819783,146.053681,17.680932,50.265479,1162.27002,2011-09-12
45.437889,149.884513,43.357679,110.605069,2057.090088,2015-01-26
20.83167,101.034532,6.730173,20.044541,954.580017,2009-07-21
25.504701,188.365209,27.201421,60.546178,1513.170044,2013-02-01
39.775599,178.334329,38.80041,92.423265,1972.829956,2014-07-09
26.727875,190.972108,22.710492,84.338336,1440.130005,2012-10-15
23.333505,84.239453,14.587386,12.614659,1495.420044,2007-04-25
25.481874,113.695931,10.454904,27.481038,1136.219971,2010-01-12
27.898508,186.756555,26.948579,82.595256,1398.959961,2012-04-04
22.353611,104.463722,7.183738,23.0583,1277.719971,2008-08-21
24.870645,96.828209,12.960966,17.845741,1511.040039,2007-07-24
17.52612,91.745983,6.592729,17.967455,919.140015,2009-05-29
24.24888,91.4021,11.948462,18.270418,1549.52002,2007-07-16
30.531258,186.585941,28.993916,59.811607,1597.589966,2013-05-02
42.900736,143.945634,54.335925,109.306446,1951.130005,2015-09-03
45.967893,150.967375,57.217151,113.901733,2079.610107,2015-08-19
23.659412,93.385838,12.461586,17.860294,1465.810059,2007-08-01
16.030082,70.208325,4.279089,13.000971,879.72998,2008-12-12
22.028075,96.253379,8.177916,16.104692,1331.339966,2008-03-03
24.781823,88.934921,13.290831,15.021168,1524.119995,2007-05-22
21.520421,113.891356,11.922315,35.463927,1121.099976,2010-09-14
27.853814,183.09733,26.105884,74.974867,1353.390015,2012-05-11
26.861588,174.248713,22.936572,65.840976,1343.22998,2012-02-15
36.088956,166.274812,38.749956,76.625477,1805.089966,2013-12-06
22.978657,105.814219,7.321182,22.985536,1300.680054,2008-08-28
24.550628,141.725005,15.553581,44.644118,1290.839966,2011-01-24
27.999648,82.523228,8.915531,23.734345,1409.130005,2008-01-09
23.172529,81.773542,14.358313,12.335509,1480.410034,2007-04-24
33.642883,175.914206,37.824105,74.359639,1837.48999,2014-01-08
28.385968,173.162892,28.158384,53.521938,1562.5,2013-04-22
16.965721,69.755644,4.022527,12.568354,887.679993,2008-11-26
44.716379,162.397638,53.215545,126.303785,2108.580078,2015-06-24
28.023058,188.623011,24.639957,90.745159,1459.98999,2012-09-13
17.953996,93.550174,6.835546,18.435792,942.869995,2009-06-01
53.502642,140.885887,63.019342,114.169128,2071.179932,2015-10-26
37.572823,178.798106,33.980273,81.386125,1875.630005,2014-05-08
33.699332,163.064809,34.298478,70.135807,1751.640015,2014-02-05
24.597168,85.484862,14.065099,13.337008,1505.619995,2007-05-04
34.96,173.630698,37.40723,75.682745,1831.97998,2014-01-02
22.407891,78.460756,14.376638,12.102664,1410.939941,2007-03-20
22.867197,92.009668,12.617356,17.53087,1464.069946,2007-08-22
24.19595,130.085496,15.098443,43.03537,1259.780029,2010-12-29
22.423148,156.925424,18.54502,53.338774,1162.949951,2011-09-26
30.070895,188.247805,30.04568,61.727821,1626.670044,2013-05-09
27.010853,174.705634,25.602845,75.678696,1319.98999,2012-06-26
23.808907,106.561979,8.943021,25.976804,1066.109985,2009-10-29
22.335007,157.132258,17.493086,49.281181,1123.949951,2011-10-04
26.392819,114.16071,12.237182,35.540662,1206.780029,2010-04-29
25.249535,96.024638,12.214187,22.953785,1540.079956,2007-10-18
46.104816,155.156737,41.23211,109.920514,2060.310059,2014-12-08
37.620214,180.143841,34.352001,81.565873,1881.140015,2014-05-02
24.299759,131.079866,15.084511,43.829162,1270.199951,2011-01-04
24.345961,103.710634,7.266204,22.455019,1397.839966,2008-04-25
26.461998,177.645454,20.776506,80.280033,1375.319946,2012-08-01
34.103875,168.661266,37.397537,74.496461,1809.599976,2013-12-19
32.642685,161.765582,38.321152,69.225385,1744.5,2013-10-18
46.734689,168.320864,50.708837,128.354461,2129.199951,2015-05-18
22.950333,97.230824,8.310778,16.469837,1333.699951,2008-03-05
31.074044,172.377428,37.190509,64.853311,1681.550049,2013-09-30
35.914083,173.048741,36.215574,73.041495,1846.339966,2014-03-13
30.205688,174.564965,34.716616,67.812014,1685.390015,2013-08-14
39.613329,172.589249,36.671149,89.332475,1937.780029,2014-06-16
27.397751,171.338036,25.294376,80.207272,1372.780029,2012-07-18
24.092143,128.487391,14.801213,42.383136,1235.22998,2010-12-15
35.515987,173.199303,34.926157,71.210811,1845.160034,2014-02-26
42.344492,158.20471,46.009757,126.112217,2097.449951,2015-02-19
53.236361,138.110533,63.098822,118.120677,2090.350098,2015-10-28
22.459372,154.087603,16.926151,46.066329,1356.619995,2011-05-03
46.092221,165.879604,49.252369,124.095369,2099.120117,2015-05-12
43.265638,140.885887,57.415857,113.21838,1938.76001,2015-09-23
24.208505,97.128271,12.56696,19.315577,1482.660034,2007-07-26
16.856954,87.507439,5.928416,16.195978,882.880005,2009-05-15
29.363849,181.365879,35.403409,61.71566,1706.869995,2013-08-01
21.4329,147.748307,16.766666,41.716354,1278.359985,2011-06-20
55.422075,137.139186,60.143453,108.023837,2064.290039,2015-12-23
19.690667,89.907267,6.510262,18.021697,900.940002,2009-06-24
37.715002,181.254207,35.782525,74.298195,1852.560059,2014-03-26
40.650711,156.747097,47.901111,124.541339,2092.429932,2015-04-13
29.763855,93.645523,9.538611,26.320781,1497.660034,2007-12-26
26.295167,173.798516,22.855876,59.932529,1313.01001,2012-01-30
46.460355,168.593195,50.857458,129.537539,2130.820068,2015-05-21
20.378626,99.636068,6.615636,20.076293,940.380005,2009-07-17
23.101835,153.16663,17.934522,50.409686,1204.420044,2011-09-01
34.03802,164.363372,35.208369,70.544607,1773.430054,2014-02-06
54.319987,123.567819,61.200001,95.909571,1939.380005,2016-02-01
21.213929,148.706309,16.80878,45.788499,1312.939941,2011-06-02
23.711798,82.13056,15.219629,11.273153,1456.810059,2007-02-15
44.528775,180.731427,36.975846,98.102117,1972.290039,2014-09-30
28.259807,91.823986,10.413671,25.693686,1515.959961,2007-12-10
37.364294,179.167229,34.058409,81.531455,1878.209961,2014-05-07
35.13875,165.937901,39.510995,72.98316,1802.75,2013-11-26
23.162533,97.020167,8.017564,18.98483,1322.699951,2008-03-31
24.103532,85.300841,12.708985,15.92609,1493.0,2007-06-12
28.174201,176.647722,28.518527,54.52345,1578.780029,2013-04-23
34.395523,166.791138,36.025811,71.531523,1797.02002,2014-02-07
22.633431,101.57097,7.490696,22.502646,1278.380005,2008-06-27
22.032983,154.212632,17.056795,45.850679,1348.650024,2011-05-12
42.476659,145.975668,52.497904,104.740869,1970.890015,2015-08-21
25.660621,183.746448,25.598968,60.258665,1511.949951,2013-02-20
28.604687,186.248993,26.120629,79.291767,1392.780029,2012-03-22
27.952143,175.71702,22.865605,67.874406,1357.660034,2012-02-22
29.317491,182.792287,35.345591,59.59532,1691.650024,2013-07-26
31.264573,179.263323,30.840667,54.399191,1573.089966,2013-06-24
26.415616,192.919478,27.711806,56.36538,1552.359985,2013-04-15
23.045468,96.651977,12.44326,17.432969,1453.550049,2007-09-07
14.180851,77.632121,4.613536,12.746958,750.73999,2009-03-12
28.24355,89.238576,9.437819,24.207973,1454.97998,2007-12-18
31.088406,188.220019,30.604579,59.983171,1650.339966,2013-05-14
22.353356,128.16777,14.202105,40.804816,1196.689941,2010-11-18
26.67794,177.609053,25.432001,76.775446,1325.660034,2012-06-08
43.344713,158.691975,52.898491,120.841892,2046.680054,2015-07-08
23.780523,168.561522,19.958554,53.574264,1285.089966,2011-10-28
22.432038,79.789191,14.427035,12.502205,1437.77002,2007-04-03
22.335452,78.518875,14.353731,12.402982,1422.530029,2007-03-29
21.0033,108.855652,6.455285,21.999913,1260.0,2008-07-21
21.577274,114.156562,11.726532,32.48986,1071.25,2010-07-19
29.76301,94.853605,11.435337,24.631329,1502.170044,2007-11-05
23.043012,109.407041,6.927176,22.431205,1296.319946,2008-08-08
44.989815,182.359458,37.833356,98.345547,1995.689941,2014-09-10
53.650577,138.895088,61.558858,120.824373,2102.310059,2015-11-04
53.744124,133.535991,58.429054,105.457759,2005.550049,2015-12-18
32.166492,174.043683,37.736503,67.477371,1710.140015,2013-10-14
25.278493,111.117286,9.676055,25.994003,1099.920044,2009-12-03
24.752805,82.074188,16.00764,11.341948,1438.23999,2007-01-31
23.244377,127.86591,15.223838,42.098697,1223.75,2010-12-07
24.883749,179.267358,26.488614,72.355899,1459.369995,2013-01-03
24.938538,179.092927,25.962383,70.248355,1435.810059,2012-12-19
28.783467,184.508774,28.150289,80.702069,1390.689941,2012-04-25
42.002659,174.990447,35.643029,96.154681,1877.699951,2014-10-14
14.289228,79.572926,5.309918,13.444171,784.039978,2009-03-19
23.357652,78.52718,14.504919,12.035192,1484.349976,2007-04-20
42.791942,183.700826,38.453673,91.774104,1983.530029,2014-07-22
14.514842,61.274273,3.284911,10.648704,752.440002,2008-11-20
23.864428,103.794896,7.541092,23.938085,1413.900024,2008-05-02
14.167082,76.930219,4.178296,11.689893,827.5,2009-01-22
15.889321,66.176903,3.958386,11.660787,850.75,2008-11-17
27.742283,178.120591,23.515627,89.658311,1409.300049,2012-08-28
16.245362,68.397603,3.839268,11.894956,859.119995,2008-11-18
29.503708,94.661218,11.430757,25.373523,1520.27002,2007-11-06
26.863733,191.803895,23.487042,87.865938,1445.75,2012-10-02
39.785146,171.832068,37.408577,88.082602,1962.869995,2014-06-20
22.180914,145.183029,17.187272,46.43147,1319.439941,2011-03-29
25.443963,96.569825,12.69524,18.521786,1553.079956,2007-07-19
24.971972,162.982384,22.639009,56.590671,1314.5,2012-01-19
29.739466,93.721074,9.721869,26.300935,1496.449951,2007-12-24
24.386266,129.579424,15.293503,43.018169,1258.839966,2010-12-22
25.829315,114.035685,10.564859,27.879257,1115.099976,2009-12-31
24.022938,145.604837,15.130955,45.84142,1310.869995,2011-02-04
38.397452,183.597287,34.371465,81.531455,1878.329956,2014-04-29
23.628897,96.986552,12.589867,18.15135,1483.949951,2007-09-13
39.93037,152.499723,46.11346,122.185017,2065.949951,2015-03-12
39.804237,171.567057,37.7895,90.039774,1960.22998,2014-06-30
23.773104,168.200853,21.351952,54.4051,1277.060059,2012-01-03
18.159224,76.392126,5.34657,13.666432,952.77002,2008-11-05
45.109259,146.721177,39.800301,105.842504,1989.630005,2014-12-15
29.203596,184.699103,24.762792,75.15876,1395.949951,2012-03-13
23.758329,100.087332,8.040471,20.446728,1360.550049,2008-04-10
27.782302,183.738358,28.221257,76.750314,1369.569946,2012-04-16
37.743436,181.884671,34.780187,72.049074,1851.959961,2014-04-08
23.019601,78.709841,14.19338,11.959782,1472.5,2007-04-18
24.005636,141.352116,14.736193,44.465516,1276.339966,2011-01-28
14.763241,77.664759,4.324903,12.106633,825.440002,2009-02-02
20.888618,106.816615,6.519425,20.426883,1234.369995,2008-07-28
22.343821,153.984937,18.263251,50.336922,1192.76001,2011-08-16
26.519559,190.112914,22.558041,84.483162,1441.47998,2012-10-09
20.875992,112.555791,11.427503,34.144911,1070.25,2010-07-08
26.875889,175.533884,25.289631,75.512,1313.719971,2012-06-25
22.763935,142.589199,15.102976,46.213178,1306.329956,2011-03-01
28.613624,186.239921,26.186865,78.856504,1397.109985,2012-03-23
23.212773,81.84827,14.967647,11.229494,1433.369995,2007-02-12
36.041917,164.786793,39.045647,77.487484,1795.150024,2013-12-03
